Godot Engine v4.7.1.stable.official.a13da4feb - https://godotengine.org

[   0% ] [90m[1mfirst_scan_filesystem[22m | Started Project initialization (5 steps)[39m[0m
[   0% ] [90m[1mfirst_scan_filesystem[22m | Scanning file structure...[39m[0m
[  16% ] [90m[1mfirst_scan_filesystem[22m | Loading global class names...[39m[0m
[  33% ] [90m[1mfirst_scan_filesystem[22m | Verifying GDExtensions...[39m[0m
[  50% ] [90m[1mfirst_scan_filesystem[22m | Creating autoload scripts...[39m[0m
[  66% ] [90m[1mfirst_scan_filesystem[22m | Initializing plugins...[39m[0m
[  83% ] [90m[1mfirst_scan_filesystem[22m | Starting file scan...[39m[0m
[92m[ DONE ][39m [1mfirst_scan_filesystem[22m
[0m
[   0% ] [90m[1mexport[22m | Started Exporting for macOS (3 steps)[39m[0m
[   0% ] [90m[1mexport[22m | Creating app bundle[39m[0m
[  25% ] [90m[1mexport[22m | Making PKG[39m[0m
[   0% ] [90m[1msavepack[22m | Started Packing (102 steps)[39m[0m
[   1% ] [90m[1msavepack[22m | Storing File: res://.godot/imported/salmon_arena.wav-eab6e7577114d298b6341b35dc9d4905.sample[39m[0m
[   1% ] [90m[1msavepack[22m | Storing File: res://assets/audio/ambience/salmon_arena.wav.import[39m[0m
[   1% ] [90m[1msavepack[22m | Storing File: res://.godot/imported/salmon_exterior.wav-e284e90e08b17817df103d0f1d4fe603.sample[39m[0m
[   1% ] [90m[1msavepack[22m | Storing File: res://assets/audio/ambience/salmon_exterior.wav.import[39m[0m
[   1% ] [90m[1msavepack[22m | Storing File: res://.godot/imported/salmon_lab.wav-fcdbb34fd65730fcb5e3abe6f1aa46ed.sample[39m[0m
[   1% ] [90m[1msavepack[22m | Storing File: res://assets/audio/ambience/salmon_lab.wav.import[39m[0m
[   1% ] [90m[1msavepack[22m | Storing File: res://.godot/imported/salmon_tunnel.wav-60cb5c0501997a5709a551805567a6e6.sample[39m[0m
[   1% ] [90m[1msavepack[22m | Storing File: res://assets/audio/ambience/salmon_tunnel.wav.import[39m[0m
[   1% ] [90m[1msavepack[22m | Storing File: res://.godot/imported/vancouver_harbour.wav-491ae724df5c8ee6894e64efc5bb19a6.sample[39m[0m
[   1% ] [90m[1msavepack[22m | Storing File: res://assets/audio/ambience/vancouver_harbour.wav.import[39m[0m
[   1% ] [90m[1msavepack[22m | Storing File: res://.godot/imported/vancouver_rain.wav-eefb7631af38af4ed3789bd4945ecdb5.sample[39m[0m
[   1% ] [90m[1msavepack[22m | Storing File: res://assets/audio/ambience/vancouver_rain.wav.import[39m[0m
[   1% ] [90m[1msavepack[22m | Storing File: res://.godot/imported/vancouver_terminal.wav-a608de382dbc36238c13a3cfde40bf0d.sample[39m[0m
[   1% ] [90m[1msavepack[22m | Storing File: res://assets/audio/ambience/vancouver_terminal.wav.import[39m[0m
[   1% ] [90m[1msavepack[22m | Storing File: res://.godot/imported/cobie_bark_01.wav-7032353a936e9dddc1e924b387c64b59.sample[39m[0m
[   1% ] [90m[1msavepack[22m | Storing File: res://assets/audio/characters/cobie_bark_01.wav.import[39m[0m
[   2% ] [90m[1msavepack[22m | Storing File: res://.godot/imported/cobie_bark_02.wav-0e5aa46f1df9a2eacbd8751b1a82ff67.sample[39m[0m
[   2% ] [90m[1msavepack[22m | Storing File: res://assets/audio/characters/cobie_bark_02.wav.import[39m[0m
[   2% ] [90m[1msavepack[22m | Storing File: res://.godot/imported/cobie_bark_03.wav-d3a76417a920d22f138e6c79845a368e.sample[39m[0m
[   2% ] [90m[1msavepack[22m | Storing File: res://assets/audio/characters/cobie_bark_03.wav.import[39m[0m
[   2% ] [90m[1msavepack[22m | Storing File: res://.godot/imported/hound_01.wav-d934aae3ac26bb8ed0da944066527a3b.sample[39m[0m
[   2% ] [90m[1msavepack[22m | Storing File: res://assets/audio/characters/hound_01.wav.import[39m[0m
[   2% ] [90m[1msavepack[22m | Storing File: res://.godot/imported/hound_02.wav-cabf053ed735abff9250d0b5d4bd78bc.sample[39m[0m
[   2% ] [90m[1msavepack[22m | Storing File: res://assets/audio/characters/hound_02.wav.import[39m[0m
[   2% ] [90m[1msavepack[22m | Storing File: res://.godot/imported/hound_03.wav-c3d706cd4bdfbf774c61388b40d8be05.sample[39m[0m
[   2% ] [90m[1msavepack[22m | Storing File: res://assets/audio/characters/hound_03.wav.import[39m[0m
[   2% ] [90m[1msavepack[22m | Storing File: res://.godot/imported/walker_01.wav-a82d1134e1116d79b6f10d842ece07df.sample[39m[0m
[   2% ] [90m[1msavepack[22m | Storing File: res://assets/audio/characters/walker_01.wav.import[39m[0m
[   2% ] [90m[1msavepack[22m | Storing File: res://.godot/imported/walker_02.wav-1638fcd1894d7244530464991e5edec8.sample[39m[0m
[   2% ] [90m[1msavepack[22m | Storing File: res://assets/audio/characters/walker_02.wav.import[39m[0m
[   2% ] [90m[1msavepack[22m | Storing File: res://.godot/imported/walker_03.wav-d5fc4562fbb5dcfd1f3f36186f24a8dc.sample[39m[0m
[   2% ] [90m[1msavepack[22m | Storing File: res://assets/audio/characters/walker_03.wav.import[39m[0m
[   3% ] [90m[1msavepack[22m | Storing File: res://.godot/imported/death_01.wav-896df773632766ac23ded717d3e19674.sample[39m[0m
[   3% ] [90m[1msavepack[22m | Storing File: res://assets/audio/enemies/compliance_gull/death_01.wav.import[39m[0m
[   3% ] [90m[1msavepack[22m | Storing File: res://.godot/imported/death_02.wav-495806abcb122f6545346a4fdf675c1f.sample[39m[0m
[   3% ] [90m[1msavepack[22m | Storing File: res://assets/audio/enemies/compliance_gull/death_02.wav.import[39m[0m
[   3% ] [90m[1msavepack[22m | Storing File: res://.godot/imported/death_03.wav-4c94d5a7303316517656b7556a51e217.sample[39m[0m
[   3% ] [90m[1msavepack[22m | Storing File: res://assets/audio/enemies/compliance_gull/death_03.wav.import[39m[0m
[   3% ] [90m[1msavepack[22m | Storing File: res://.godot/imported/dive_01.wav-a22d0c287ad6b5d9b11c4b42557a72b6.sample[39m[0m
[   3% ] [90m[1msavepack[22m | Storing File: res://assets/audio/enemies/compliance_gull/dive_01.wav.import[39m[0m
[   3% ] [90m[1msavepack[22m | Storing File: res://.godot/imported/dive_02.wav-5b4c268ef8201b99e02fc65c519d9b17.sample[39m[0m
[   3% ] [90m[1msavepack[22m | Storing File: res://assets/audio/enemies/compliance_gull/dive_02.wav.import[39m[0m
[   3% ] [90m[1msavepack[22m | Storing File: res://.godot/imported/dive_03.wav-e87864ef24452a4f0a6080169ac3a92b.sample[39m[0m
[   3% ] [90m[1msavepack[22m | Storing File: res://assets/audio/enemies/compliance_gull/dive_03.wav.import[39m[0m
[   3% ] [90m[1msavepack[22m | Storing File: res://.godot/imported/mark_01.wav-b61a568c471c2cec476b3cdd1779c4ad.sample[39m[0m
[   3% ] [90m[1msavepack[22m | Storing File: res://assets/audio/enemies/compliance_gull/mark_01.wav.import[39m[0m
[   3% ] [90m[1msavepack[22m | Storing File: res://.godot/imported/mark_02.wav-ed14251a86ca19749d4584690cf83ef0.sample[39m[0m
[   3% ] [90m[1msavepack[22m | Storing File: res://assets/audio/enemies/compliance_gull/mark_02.wav.import[39m[0m
[   4% ] [90m[1msavepack[22m | Storing File: res://.godot/imported/mark_03.wav-4915f5893dc02c1894a96548ff9b8c78.sample[39m[0m
[   4% ] [90m[1msavepack[22m | Storing File: res://assets/audio/enemies/compliance_gull/mark_03.wav.import[39m[0m
[   4% ] [90m[1msavepack[22m | Storing File: res://.godot/imported/alert_01.wav-fe71dc5d23fb48b0e602c1cd416f7a78.sample[39m[0m
[   4% ] [90m[1msavepack[22m | Storing File: res://assets/audio/enemies/shared/alert_01.wav.import[39m[0m
[   4% ] [90m[1msavepack[22m | Storing File: res://.godot/imported/alert_02.wav-164408c02492a061abcae3ed0652a522.sample[39m[0m
[   4% ] [90m[1msavepack[22m | Storing File: res://assets/audio/enemies/shared/alert_02.wav.import[39m[0m
[   4% ] [90m[1msavepack[22m | Storing File: res://.godot/imported/alert_03.wav-3b41f5f69ceede1d4008dadb8651778b.sample[39m[0m
[   4% ] [90m[1msavepack[22m | Storing File: res://assets/audio/enemies/shared/alert_03.wav.import[39m[0m
[   4% ] [90m[1msavepack[22m | Storing File: res://.godot/imported/attack_01.wav-dfd892bd4a3ec5685de778f66a465b5d.sample[39m[0m
[   4% ] [90m[1msavepack[22m | Storing File: res://assets/audio/enemies/shared/attack_01.wav.import[39m[0m
[   4% ] [90m[1msavepack[22m | Storing File: res://.godot/imported/attack_02.wav-ebdca37be799c43edca020a767da26f7.sample[39m[0m
[   4% ] [90m[1msavepack[22m | Storing File: res://assets/audio/enemies/shared/attack_02.wav.import[39m[0m
[   4% ] [90m[1msavepack[22m | Storing File: res://.godot/imported/attack_03.wav-4175ef783c505ce89cb6bc8f7e5db991.sample[39m[0m
[   4% ] [90m[1msavepack[22m | Storing File: res://assets/audio/enemies/shared/attack_03.wav.import[39m[0m
[   4% ] [90m[1msavepack[22m | Storing File: res://.godot/imported/death_01.wav-457aef3ab0fe09a8ea5b0bb4271c48a3.sample[39m[0m
[   4% ] [90m[1msavepack[22m | Storing File: res://assets/audio/enemies/shared/death_01.wav.import[39m[0m
[   5% ] [90m[1msavepack[22m | Storing File: res://.godot/imported/death_02.wav-0746bf746a3bd974b73612e5e182c466.sample[39m[0m
[   5% ] [90m[1msavepack[22m | Storing File: res://assets/audio/enemies/shared/death_02.wav.import[39m[0m
[   5% ] [90m[1msavepack[22m | Storing File: res://.godot/imported/death_03.wav-638eacba3435152f6494e9ef06e649b3.sample[39m[0m
[   5% ] [90m[1msavepack[22m | Storing File: res://assets/audio/enemies/shared/death_03.wav.import[39m[0m
[   5% ] [90m[1msavepack[22m | Storing File: res://.godot/imported/hurt_01.wav-7002ed8cf5b812c0df7763b7a2f84541.sample[39m[0m
[   5% ] [90m[1msavepack[22m | Storing File: res://assets/audio/enemies/shared/hurt_01.wav.import[39m[0m
[   5% ] [90m[1msavepack[22m | Storing File: res://.godot/imported/hurt_02.wav-496d68f9fc383a49ca199e6023416d9f.sample[39m[0m
[   5% ] [90m[1msavepack[22m | Storing File: res://assets/audio/enemies/shared/hurt_02.wav.import[39m[0m
[   5% ] [90m[1msavepack[22m | Storing File: res://.godot/imported/hurt_03.wav-2ef10ed4c56ddf9ca8db06d455574f93.sample[39m[0m
[   5% ] [90m[1msavepack[22m | Storing File: res://assets/audio/enemies/shared/hurt_03.wav.import[39m[0m
[   5% ] [90m[1msavepack[22m | Storing File: res://.godot/imported/brace_01.wav-b78f5451e16bbf50057e18e04f652492.sample[39m[0m
[   5% ] [90m[1msavepack[22m | Storing File: res://assets/audio/enemies/umbrella_enforcer/brace_01.wav.import[39m[0m
[   5% ] [90m[1msavepack[22m | Storing File: res://.godot/imported/brace_02.wav-2d6f7432363406281dfbd69c77998264.sample[39m[0m
[   5% ] [90m[1msavepack[22m | Storing File: res://assets/audio/enemies/umbrella_enforcer/brace_02.wav.import[39m[0m
[   5% ] [90m[1msavepack[22m | Storing File: res://.godot/imported/brace_03.wav-9d9e910c7f5378d3348aec6b3f7302a1.sample[39m[0m
[   5% ] [90m[1msavepack[22m | Storing File: res://assets/audio/enemies/umbrella_enforcer/brace_03.wav.import[39m[0m
[   6% ] [90m[1msavepack[22m | Storing File: res://.godot/imported/break_01.wav-47a1b1c6d0fb2626aef269eecb6658cc.sample[39m[0m
[   6% ] [90m[1msavepack[22m | Storing File: res://assets/audio/enemies/umbrella_enforcer/break_01.wav.import[39m[0m
[   6% ] [90m[1msavepack[22m | Storing File: res://.godot/imported/break_02.wav-21caa1ceda50d83ad5ff82985c3dfd9d.sample[39m[0m
[   6% ] [90m[1msavepack[22m | Storing File: res://assets/audio/enemies/umbrella_enforcer/break_02.wav.import[39m[0m
[   6% ] [90m[1msavepack[22m | Storing File: res://.godot/imported/break_03.wav-9a63a96acebbf3f072c6e088335ebca6.sample[39m[0m
[   6% ] [90m[1msavepack[22m | Storing File: res://assets/audio/enemies/umbrella_enforcer/break_03.wav.import[39m[0m
[   6% ] [90m[1msavepack[22m | Storing File: res://.godot/imported/open_01.wav-60e4c8f7775fbaf71a0106d7a00fc90c.sample[39m[0m
[   6% ] [90m[1msavepack[22m | Storing File: res://assets/audio/enemies/umbrella_enforcer/open_01.wav.import[39m[0m
[   6% ] [90m[1msavepack[22m | Storing File: res://.godot/imported/open_02.wav-56ea16f24e63bac41b4bef1e432ae946.sample[39m[0m
[   6% ] [90m[1msavepack[22m | Storing File: res://assets/audio/enemies/umbrella_enforcer/open_02.wav.import[39m[0m
[   6% ] [90m[1msavepack[22m | Storing File: res://.godot/imported/open_03.wav-d094ace9243b96e70a7cc9a04aeabf83.sample[39m[0m
[   6% ] [90m[1msavepack[22m | Storing File: res://assets/audio/enemies/umbrella_enforcer/open_03.wav.import[39m[0m
[   6% ] [90m[1msavepack[22m | Storing File: res://.godot/imported/concrete_01.wav-9c06fa7aa419c42e5f1c061d3732c617.sample[39m[0m
[   6% ] [90m[1msavepack[22m | Storing File: res://assets/audio/footsteps/concrete_01.wav.import[39m[0m
[   6% ] [90m[1msavepack[22m | Storing File: res://.godot/imported/concrete_02.wav-3b2a75a612db372c050d6b5ccc52e21d.sample[39m[0m
[   6% ] [90m[1msavepack[22m | Storing File: res://assets/audio/footsteps/concrete_02.wav.import[39m[0m
[   7% ] [90m[1msavepack[22m | Storing File: res://.godot/imported/concrete_03.wav-a0df832b94312fa6e1de73f5e168a834.sample[39m[0m
[   7% ] [90m[1msavepack[22m | Storing File: res://assets/audio/footsteps/concrete_03.wav.import[39m[0m
[   7% ] [90m[1msavepack[22m | Storing File: res://.godot/imported/metal_01.wav-861242e34efc437766ccbd3f9ebb96fc.sample[39m[0m
[   7% ] [90m[1msavepack[22m | Storing File: res://assets/audio/footsteps/metal_01.wav.import[39m[0m
[   7% ] [90m[1msavepack[22m | Storing File: res://.godot/imported/metal_02.wav-851fae9cb30cc0e7446a9b6cd673f905.sample[39m[0m
[   7% ] [90m[1msavepack[22m | Storing File: res://assets/audio/footsteps/metal_02.wav.import[39m[0m
[   7% ] [90m[1msavepack[22m | Storing File: res://.godot/imported/metal_03.wav-d42e2e94ffaa8c7f7a86b2233535150d.sample[39m[0m
[   7% ] [90m[1msavepack[22m | Storing File: res://assets/audio/footsteps/metal_03.wav.import[39m[0m
[   7% ] [90m[1msavepack[22m | Storing File: res://.godot/imported/soil_01.wav-765a2b02b8691a7cbd5e01c11653c687.sample[39m[0m
[   7% ] [90m[1msavepack[22m | Storing File: res://assets/audio/footsteps/soil_01.wav.import[39m[0m
[   7% ] [90m[1msavepack[22m | Storing File: res://.godot/imported/soil_02.wav-9e6062f34f32f580400149c0c7df1af1.sample[39m[0m
[   7% ] [90m[1msavepack[22m | Storing File: res://assets/audio/footsteps/soil_02.wav.import[39m[0m
[   7% ] [90m[1msavepack[22m | Storing File: res://.godot/imported/soil_03.wav-d9a2f4cc48b2c34dd586f53b16fa328e.sample[39m[0m
[   7% ] [90m[1msavepack[22m | Storing File: res://assets/audio/footsteps/soil_03.wav.import[39m[0m
[   8% ] [90m[1msavepack[22m | Storing File: res://.godot/imported/wood_01.wav-d8048110ef5b45140531847f3ad94f0a.sample[39m[0m
[   8% ] [90m[1msavepack[22m | Storing File: res://assets/audio/footsteps/wood_01.wav.import[39m[0m
[   8% ] [90m[1msavepack[22m | Storing File: res://.godot/imported/wood_02.wav-4dce8b3c1967626e8940630eb10ec45f.sample[39m[0m
[   8% ] [90m[1msavepack[22m | Storing File: res://assets/audio/footsteps/wood_02.wav.import[39m[0m
[   8% ] [90m[1msavepack[22m | Storing File: res://.godot/imported/wood_03.wav-db2fed5e8cc372871d3ddb3a4fa7b053.sample[39m[0m
[   8% ] [90m[1msavepack[22m | Storing File: res://assets/audio/footsteps/wood_03.wav.import[39m[0m
[   8% ] [90m[1msavepack[22m | Storing File: res://.godot/imported/salmon_boss.wav-e117f0abcfd9538f64926804031bdab6.sample[39m[0m
[   8% ] [90m[1msavepack[22m | Storing File: res://assets/audio/music/salmon_boss.wav.import[39m[0m
[   8% ] [90m[1msavepack[22m | Storing File: res://.godot/imported/salmon_combat.wav-e1079ba30699add69ae93826d7ad8742.sample[39m[0m
[   8% ] [90m[1msavepack[22m | Storing File: res://assets/audio/music/salmon_combat.wav.import[39m[0m
[   8% ] [90m[1msavepack[22m | Storing File: res://.godot/imported/salmon_exploration.wav-1f46769d0e4222fa5c9aafb2f70c8a15.sample[39m[0m
[   8% ] [90m[1msavepack[22m | Storing File: res://assets/audio/music/salmon_exploration.wav.import[39m[0m
[   8% ] [90m[1msavepack[22m | Storing File: res://.godot/imported/salmon_tension.wav-05909bae6382b15bde5724b963784e31.sample[39m[0m
[   8% ] [90m[1msavepack[22m | Storing File: res://assets/audio/music/salmon_tension.wav.import[39m[0m
[   8% ] [90m[1msavepack[22m | Storing File: res://.godot/imported/salmon_victory.wav-29c81688b80336d6311048dac03d095c.sample[39m[0m
[   8% ] [90m[1msavepack[22m | Storing File: res://assets/audio/music/salmon_victory.wav.import[39m[0m
[   9% ] [90m[1msavepack[22m | Storing File: res://.godot/imported/vancouver_boss.wav-03aa6b5e8bc119c9ef7657b0ba4f875a.sample[39m[0m
[   9% ] [90m[1msavepack[22m | Storing File: res://assets/audio/music/vancouver_boss.wav.import[39m[0m
[   9% ] [90m[1msavepack[22m | Storing File: res://.godot/imported/vancouver_combat.wav-fc50188600bb23a750618a6a2b52ae72.sample[39m[0m
[   9% ] [90m[1msavepack[22m | Storing File: res://assets/audio/music/vancouver_combat.wav.import[39m[0m
[   9% ] [90m[1msavepack[22m | Storing File: res://.godot/imported/vancouver_exploration.wav-34c31338ae044f033b4490f5e29791c0.sample[39m[0m
[   9% ] [90m[1msavepack[22m | Storing File: res://assets/audio/music/vancouver_exploration.wav.import[39m[0m
[   9% ] [90m[1msavepack[22m | Storing File: res://.godot/imported/vancouver_tension.wav-7fc1594fb63afbbff4cc18627715824e.sample[39m[0m
[   9% ] [90m[1msavepack[22m | Storing File: res://assets/audio/music/vancouver_tension.wav.import[39m[0m
[   9% ] [90m[1msavepack[22m | Storing File: res://.godot/imported/vancouver_victory.wav-559bafc5389e94bfd11ec89394bdc10c.sample[39m[0m
[   9% ] [90m[1msavepack[22m | Storing File: res://assets/audio/music/vancouver_victory.wav.import[39m[0m
[   9% ] [90m[1msavepack[22m | Storing File: res://.godot/imported/defeat_01.wav-35df780ed628ea9e59764eeaa932aaea.sample[39m[0m
[   9% ] [90m[1msavepack[22m | Storing File: res://assets/audio/set_pieces/citation_convoy/defeat_01.wav.import[39m[0m
[   9% ] [90m[1msavepack[22m | Storing File: res://.godot/imported/defeat_02.wav-48a225dd6259bb902ecb804c49f0f153.sample[39m[0m
[   9% ] [90m[1msavepack[22m | Storing File: res://assets/audio/set_pieces/citation_convoy/defeat_02.wav.import[39m[0m
[   9% ] [90m[1msavepack[22m | Storing File: res://.godot/imported/defeat_03.wav-87e6b03ef65973512503d824d9278b06.sample[39m[0m
[   9% ] [90m[1msavepack[22m | Storing File: res://assets/audio/set_pieces/citation_convoy/defeat_03.wav.import[39m[0m
[  10% ] [90m[1msavepack[22m | Storing File: res://.godot/imported/module_break_01.wav-1bf2fb2717b562052708ff8209ed34d6.sample[39m[0m
[  10% ] [90m[1msavepack[22m | Storing File: res://assets/audio/set_pieces/citation_convoy/module_break_01.wav.import[39m[0m
[  10% ] [90m[1msavepack[22m | Storing File: res://.godot/imported/module_break_02.wav-2fae089f383754d3a143599f38850264.sample[39m[0m
[  10% ] [90m[1msavepack[22m | Storing File: res://assets/audio/set_pieces/citation_convoy/module_break_02.wav.import[39m[0m
[  10% ] [90m[1msavepack[22m | Storing File: res://.godot/imported/module_break_03.wav-e4b6ee330adc6e9249fa4cf8a733ff2a.sample[39m[0m
[  10% ] [90m[1msavepack[22m | Storing File: res://assets/audio/set_pieces/citation_convoy/module_break_03.wav.import[39m[0m
[  10% ] [90m[1msavepack[22m | Storing File: res://.godot/imported/move_01.wav-bda7dcc4f8736aa4c92b7e82524f3902.sample[39m[0m
[  10% ] [90m[1msavepack[22m | Storing File: res://assets/audio/set_pieces/citation_convoy/move_01.wav.import[39m[0m
[  10% ] [90m[1msavepack[22m | Storing File: res://.godot/imported/move_02.wav-2535cb44f877b671ed5dfbc5725eda99.sample[39m[0m
[  10% ] [90m[1msavepack[22m | Storing File: res://assets/audio/set_pieces/citation_convoy/move_02.wav.import[39m[0m
[  10% ] [90m[1msavepack[22m | Storing File: res://.godot/imported/move_03.wav-6316d99d37552874c4d3a9ebe0fc1223.sample[39m[0m
[  10% ] [90m[1msavepack[22m | Storing File: res://assets/audio/set_pieces/citation_convoy/move_03.wav.import[39m[0m
[  10% ] [90m[1msavepack[22m | Storing File: res://.godot/imported/empty_01.wav-6287fd091edb961d15e6284293c73c8c.sample[39m[0m
[  10% ] [90m[1msavepack[22m | Storing File: res://assets/audio/weapons/barkshot/empty_01.wav.import[39m[0m
[  10% ] [90m[1msavepack[22m | Storing File: res://.godot/imported/empty_02.wav-c370b3f4396de2b4a18fb522b687fc4f.sample[39m[0m
[  10% ] [90m[1msavepack[22m | Storing File: res://assets/audio/weapons/barkshot/empty_02.wav.import[39m[0m
[  11% ] [90m[1msavepack[22m | Storing File: res://.godot/imported/mechanical_01.wav-118c1a3bce457e6167cecfda6f71726d.sample[39m[0m
[  11% ] [90m[1msavepack[22m | Storing File: res://assets/audio/weapons/barkshot/mechanical_01.wav.import[39m[0m
[  11% ] [90m[1msavepack[22m | Storing File: res://.godot/imported/mechanical_02.wav-8379ce95409790c89839002fc244a9b2.sample[39m[0m
[  11% ] [90m[1msavepack[22m | Storing File: res://assets/audio/weapons/barkshot/mechanical_02.wav.import[39m[0m
[  11% ] [90m[1msavepack[22m | Storing File: res://.godot/imported/reload_complete_01.wav-ddcb1588db1354ae839971211ac0b897.sample[39m[0m
[  11% ] [90m[1msavepack[22m | Storing File: res://assets/audio/weapons/barkshot/reload_complete_01.wav.import[39m[0m
[  11% ] [90m[1msavepack[22m | Storing File: res://.godot/imported/reload_start_01.wav-cb7be1917ce93dfa7e038552b1ff3e7e.sample[39m[0m
[  11% ] [90m[1msavepack[22m | Storing File: res://assets/audio/weapons/barkshot/reload_start_01.wav.import[39m[0m
[  11% ] [90m[1msavepack[22m | Storing File: res://.godot/imported/reload_step_01.wav-525bbd0aa60c6395d5b66e1fa022bc21.sample[39m[0m
[  11% ] [90m[1msavepack[22m | Storing File: res://assets/audio/weapons/barkshot/reload_step_01.wav.import[39m[0m
[  11% ] [90m[1msavepack[22m | Storing File: res://.godot/imported/reload_step_02.wav-51eb66cf1c880ec30f0d863cd9b52014.sample[39m[0m
[  11% ] [90m[1msavepack[22m | Storing File: res://assets/audio/weapons/barkshot/reload_step_02.wav.import[39m[0m
[  11% ] [90m[1msavepack[22m | Storing File: res://.godot/imported/shot_01.wav-041847659326a4a47ef6f4d3476802b4.sample[39m[0m
[  11% ] [90m[1msavepack[22m | Storing File: res://assets/audio/weapons/barkshot/shot_01.wav.import[39m[0m
[  11% ] [90m[1msavepack[22m | Storing File: res://.godot/imported/shot_02.wav-44b089f9543b69002c67cc8b0dc2ccd1.sample[39m[0m
[  11% ] [90m[1msavepack[22m | Storing File: res://assets/audio/weapons/barkshot/shot_02.wav.import[39m[0m
[  12% ] [90m[1msavepack[22m | Storing File: res://.godot/imported/switch_01.wav-eba1caf663b86ba76747447b2f3e3381.sample[39m[0m
[  12% ] [90m[1msavepack[22m | Storing File: res://assets/audio/weapons/barkshot/switch_01.wav.import[39m[0m
[  12% ] [90m[1msavepack[22m | Storing File: res://.godot/imported/switch_02.wav-4c02e02b69aab77af3dfc46ed8c311df.sample[39m[0m
[  12% ] [90m[1msavepack[22m | Storing File: res://assets/audio/weapons/barkshot/switch_02.wav.import[39m[0m
[  12% ] [90m[1msavepack[22m | Storing File: res://.godot/imported/empty_01.wav-07b657859469066868a900ae539f538b.sample[39m[0m
[  12% ] [90m[1msavepack[22m | Storing File: res://assets/audio/weapons/fetch_launcher/empty_01.wav.import[39m[0m
[  12% ] [90m[1msavepack[22m | Storing File: res://.godot/imported/empty_02.wav-2102d265319d25cbb46e7a518a635e6f.sample[39m[0m
[  12% ] [90m[1msavepack[22m | Storing File: res://assets/audio/weapons/fetch_launcher/empty_02.wav.import[39m[0m
[  12% ] [90m[1msavepack[22m | Storing File: res://.godot/imported/mechanical_01.wav-28a31f3891fd39facc0a46b7e9171312.sample[39m[0m
[  12% ] [90m[1msavepack[22m | Storing File: res://assets/audio/weapons/fetch_launcher/mechanical_01.wav.import[39m[0m
[  12% ] [90m[1msavepack[22m | Storing File: res://.godot/imported/mechanical_02.wav-fbe6f84b8e12fa032b190c465210d1b9.sample[39m[0m
[  12% ] [90m[1msavepack[22m | Storing File: res://assets/audio/weapons/fetch_launcher/mechanical_02.wav.import[39m[0m
[  12% ] [90m[1msavepack[22m | Storing File: res://.godot/imported/reload_complete_01.wav-67e603a49d5c9b15ebdc866fbc1ab0a9.sample[39m[0m
[  12% ] [90m[1msavepack[22m | Storing File: res://assets/audio/weapons/fetch_launcher/reload_complete_01.wav.import[39m[0m
[  12% ] [90m[1msavepack[22m | Storing File: res://.godot/imported/reload_start_01.wav-0244aa6b1d1d3146d54baff51b19df2a.sample[39m[0m
[  12% ] [90m[1msavepack[22m | Storing File: res://assets/audio/weapons/fetch_launcher/reload_start_01.wav.import[39m[0m
[  13% ] [90m[1msavepack[22m | Storing File: res://.godot/imported/reload_step_01.wav-bb40ceec44873d0b57741e4e938a403e.sample[39m[0m
[  13% ] [90m[1msavepack[22m | Storing File: res://assets/audio/weapons/fetch_launcher/reload_step_01.wav.import[39m[0m
[  13% ] [90m[1msavepack[22m | Storing File: res://.godot/imported/reload_step_02.wav-2932d919f6e32e69fd021c0f132cf1c1.sample[39m[0m
[  13% ] [90m[1msavepack[22m | Storing File: res://assets/audio/weapons/fetch_launcher/reload_step_02.wav.import[39m[0m
[  13% ] [90m[1msavepack[22m | Storing File: res://.godot/imported/shot_01.wav-1447c346ff1d906854c46a01bf8e161b.sample[39m[0m
[  13% ] [90m[1msavepack[22m | Storing File: res://assets/audio/weapons/fetch_launcher/shot_01.wav.import[39m[0m
[  13% ] [90m[1msavepack[22m | Storing File: res://.godot/imported/shot_02.wav-9a2f5db82ee7423ea29258db63669505.sample[39m[0m
[  13% ] [90m[1msavepack[22m | Storing File: res://assets/audio/weapons/fetch_launcher/shot_02.wav.import[39m[0m
[  13% ] [90m[1msavepack[22m | Storing File: res://.godot/imported/switch_01.wav-2be953baa92b11584073466fd3e1e97b.sample[39m[0m
[  13% ] [90m[1msavepack[22m | Storing File: res://assets/audio/weapons/fetch_launcher/switch_01.wav.import[39m[0m
[  13% ] [90m[1msavepack[22m | Storing File: res://.godot/imported/switch_02.wav-100a6acf1c1b0b496b65138b0bad72e2.sample[39m[0m
[  13% ] [90m[1msavepack[22m | Storing File: res://assets/audio/weapons/fetch_launcher/switch_02.wav.import[39m[0m
[  13% ] [90m[1msavepack[22m | Storing File: res://.godot/imported/empty_01.wav-3bc03a46d0411222641004bb81849a05.sample[39m[0m
[  13% ] [90m[1msavepack[22m | Storing File: res://assets/audio/weapons/pawstol/empty_01.wav.import[39m[0m
[  14% ] [90m[1msavepack[22m | Storing File: res://.godot/imported/empty_02.wav-1d5a24d9c09c5c60466477975a687eea.sample[39m[0m
[  14% ] [90m[1msavepack[22m | Storing File: res://assets/audio/weapons/pawstol/empty_02.wav.import[39m[0m
[  14% ] [90m[1msavepack[22m | Storing File: res://.godot/imported/mechanical_01.wav-d625190f1fdffb06435a3f47beffb9e2.sample[39m[0m
[  14% ] [90m[1msavepack[22m | Storing File: res://assets/audio/weapons/pawstol/mechanical_01.wav.import[39m[0m
[  14% ] [90m[1msavepack[22m | Storing File: res://.godot/imported/mechanical_02.wav-cd262bdd6ee7d2535cb8ed8706386fa0.sample[39m[0m
[  14% ] [90m[1msavepack[22m | Storing File: res://assets/audio/weapons/pawstol/mechanical_02.wav.import[39m[0m
[  14% ] [90m[1msavepack[22m | Storing File: res://.godot/imported/reload_complete_01.wav-210f2bc9287b888ae58afd82dfd0978f.sample[39m[0m
[  14% ] [90m[1msavepack[22m | Storing File: res://assets/audio/weapons/pawstol/reload_complete_01.wav.import[39m[0m
[  14% ] [90m[1msavepack[22m | Storing File: res://.godot/imported/reload_start_01.wav-48faacccb0b2bb82e2d0f8885d143e54.sample[39m[0m
[  14% ] [90m[1msavepack[22m | Storing File: res://assets/audio/weapons/pawstol/reload_start_01.wav.import[39m[0m
[  14% ] [90m[1msavepack[22m | Storing File: res://.godot/imported/reload_step_01.wav-224a8a4db09419b850c1d9a26b27925c.sample[39m[0m
[  14% ] [90m[1msavepack[22m | Storing File: res://assets/audio/weapons/pawstol/reload_step_01.wav.import[39m[0m
[  14% ] [90m[1msavepack[22m | Storing File: res://.godot/imported/reload_step_02.wav-cdb154397d80e6216f5d820f058b2168.sample[39m[0m
[  14% ] [90m[1msavepack[22m | Storing File: res://assets/audio/weapons/pawstol/reload_step_02.wav.import[39m[0m
[  14% ] [90m[1msavepack[22m | Storing File: res://.godot/imported/shot_01.wav-41e4de4557965a667fd71d5f943f8703.sample[39m[0m
[  14% ] [90m[1msavepack[22m | Storing File: res://assets/audio/weapons/pawstol/shot_01.wav.import[39m[0m
[  15% ] [90m[1msavepack[22m | Storing File: res://.godot/imported/shot_02.wav-17cab74e695d6fce3ed25ad0968ac98a.sample[39m[0m
[  15% ] [90m[1msavepack[22m | Storing File: res://assets/audio/weapons/pawstol/shot_02.wav.import[39m[0m
[  15% ] [90m[1msavepack[22m | Storing File: res://.godot/imported/switch_01.wav-f7a2fc1f009aa292d237e527636d7c72.sample[39m[0m
[  15% ] [90m[1msavepack[22m | Storing File: res://assets/audio/weapons/pawstol/switch_01.wav.import[39m[0m
[  15% ] [90m[1msavepack[22m | Storing File: res://.godot/imported/switch_02.wav-0f69e19d9ea02c7e5d9674b40df9e6e7.sample[39m[0m
[  15% ] [90m[1msavepack[22m | Storing File: res://assets/audio/weapons/pawstol/switch_02.wav.import[39m[0m
[  15% ] [90m[1msavepack[22m | Storing File: res://.godot/imported/cobie_nukem_cover.png-1dbd85c6e3d88efb154c28c8f6e5e3e2.ctex[39m[0m
[  15% ] [90m[1msavepack[22m | Storing File: res://assets/brand/cobie_nukem_cover.png.import[39m[0m
[  15% ] [90m[1msavepack[22m | Storing File: res://.godot/imported/moon.png-c674cb0af5b9f67fe1caf76fb5a20cab.ctex[39m[0m
[  15% ] [90m[1msavepack[22m | Storing File: res://assets/level_previews/moon.png.import[39m[0m
[  15% ] [90m[1msavepack[22m | Storing File: res://.godot/imported/mount_hood.png-061ac8343d5d2a519d261253d732f124.ctex[39m[0m
[  15% ] [90m[1msavepack[22m | Storing File: res://assets/level_previews/mount_hood.png.import[39m[0m
[  15% ] [90m[1msavepack[22m | Storing File: res://.godot/imported/vancouver_waterfront.png-cb4b765b3364c12a8e6b6c3e7d5e30d4.ctex[39m[0m
[  15% ] [90m[1msavepack[22m | Storing File: res://assets/level_previews/vancouver_waterfront.png.import[39m[0m
[  15% ] [90m[1msavepack[22m | Storing File: res://.godot/imported/ventura_pier.png-c8d27d671aa49cf814d75dc8eb83dfe4.ctex[39m[0m
[  15% ] [90m[1msavepack[22m | Storing File: res://assets/level_previews/ventura_pier.png.import[39m[0m
[  16% ] [90m[1msavepack[22m | Storing File: res://.godot/exported/133200997/export-aaeae6d4652bb68dd87541229c67f8cc-airlock_steel.res[39m[0m
[  16% ] [90m[1msavepack[22m | Storing File: res://.godot/exported/133200997/export-ba96d48396bb46275077e3bca867aab1-antenna_scaffold.res[39m[0m
[  16% ] [90m[1msavepack[22m | Storing File: res://.godot/exported/133200997/export-bb18ea4c8ac62b545d977f54944a8ffb-crater_basalt.res[39m[0m
[  16% ] [90m[1msavepack[22m | Storing File: res://.godot/exported/133200997/export-7856133f02957609d74403725a0e309a-cryo_glass.res[39m[0m
[  16% ] [90m[1msavepack[22m | Storing File: res://.godot/exported/133200997/export-f01115bca1ec8c1790f7d3091b337190-earth_landmark.res[39m[0m
[  16% ] [90m[1msavepack[22m | Storing File: res://.godot/exported/133200997/export-8215b24dfcb524077dac5c76f2d49080-habitat_panels.res[39m[0m
[  16% ] [90m[1msavepack[22m | Storing File: res://.godot/exported/133200997/export-e0735a3ef199e6f97bd7340ccb2ac985-habitat_warm_windows.res[39m[0m
[  16% ] [90m[1msavepack[22m | Storing File: res://.godot/exported/133200997/export-b752d48e35e64e8f4df1c04aec7909fc-ice_glaze.res[39m[0m
[  17% ] [90m[1msavepack[22m | Storing File: res://.godot/exported/133200997/export-7b6e9c9ac06e2810f4020ffe54597559-insulated_floor.res[39m[0m
[  17% ] [90m[1msavepack[22m | Storing File: res://.godot/exported/133200997/export-1b7e5d56be40ed03144fa01485b75a50-regolith.res[39m[0m
[  17% ] [90m[1msavepack[22m | Storing File: res://.godot/exported/133200997/export-ec313b3b1e76e67984f80f05d4e9a758-safety_lines.res[39m[0m
[  17% ] [90m[1msavepack[22m | Storing File: res://.godot/exported/133200997/export-94904da27e4d7d5a66c0edae19aa2671-solar_panels.res[39m[0m
[  17% ] [90m[1msavepack[22m | Storing File: res://.godot/exported/133200997/export-e441688c7c679547405b648d75918cee-exposed_rock.res[39m[0m
[  17% ] [90m[1msavepack[22m | Storing File: res://.godot/exported/133200997/export-5ca7aa4560272d3c384e5d4f0782acec-fresh_powder.res[39m[0m
[  17% ] [90m[1msavepack[22m | Storing File: res://.godot/exported/133200997/export-61af951e9ed00933bc84dde8661eed89-frosted_glass.res[39m[0m
[  17% ] [90m[1msavepack[22m | Storing File: res://.godot/exported/133200997/export-ff7570ac4eeb80376f835cd42dcbad7f-icy_slush.res[39m[0m
[  18% ] [90m[1msavepack[22m | Storing File: res://.godot/exported/133200997/export-bd1af2fc66d67f045a112e2b8eb59d27-lift_steel.res[39m[0m
[  18% ] [90m[1msavepack[22m | Storing File: res://.godot/exported/133200997/export-c31f99068aa44a9bc0794ae252e9322b-lodge_stone.res[39m[0m
[  18% ] [90m[1msavepack[22m | Storing File: res://.godot/exported/133200997/export-547d7a05c61171544ac5978d38c77094-lodge_timber.res[39m[0m
[  18% ] [90m[1msavepack[22m | Storing File: res://.godot/exported/133200997/export-3ff37cc500e160af4e987b1a4f217cf8-packed_snow.res[39m[0m
[  18% ] [90m[1msavepack[22m | Storing File: res://.godot/exported/133200997/export-83aaa6851f1c567d839327657809e7fe-plowed_asphalt.res[39m[0m
[  18% ] [90m[1msavepack[22m | Storing File: res://.godot/exported/133200997/export-628a7d0742761fac72eaa58463eb1db9-warm_windows.res[39m[0m
[  18% ] [90m[1msavepack[22m | Storing File: res://.godot/exported/133200997/export-2b3e1866176705a70e888711dcad3c5d-glass_panels.res[39m[0m
[  18% ] [90m[1msavepack[22m | Storing File: res://.godot/exported/133200997/export-7ff02f37d38d5e435677ef643d62233f-harbour_steel.res[39m[0m
[  19% ] [90m[1msavepack[22m | Storing File: res://.godot/exported/133200997/export-d70bfd1b1b3bb365f5c618d562928cc4-mountain_silhouette.res[39m[0m
[  19% ] [90m[1msavepack[22m | Storing File: res://.godot/exported/133200997/export-1011b3615d260d9f9108983ac042113e-painted_municipal_metal.res[39m[0m
[  19% ] [90m[1msavepack[22m | Storing File: res://.godot/exported/133200997/export-35595a2aa64375f8e9e3f7de6eed5bd2-rain_brick.res[39m[0m
[  19% ] [90m[1msavepack[22m | Storing File: res://.godot/exported/133200997/export-896041763aab0c55b558ce7df202a0bb-route_decals.res[39m[0m
[  19% ] [90m[1msavepack[22m | Storing File: res://.godot/exported/133200997/export-3730a2f4616657cd50aceccd5c1a2999-seawall_concrete.res[39m[0m
[  19% ] [90m[1msavepack[22m | Storing File: res://.godot/exported/133200997/export-df946807fde7821f7ce5047dc25c3243-skyline_silhouette.res[39m[0m
[  19% ] [90m[1msavepack[22m | Storing File: res://.godot/exported/133200997/export-5a7b0326f87fae992de17569f900911e-slice_tile.res[39m[0m
[  20% ] [90m[1msavepack[22m | Storing File: res://.godot/exported/133200997/export-c8876b568d223a1ebfb500a8c33fdeaa-terminal_floor.res[39m[0m
[  20% ] [90m[1msavepack[22m | Storing File: res://.godot/exported/133200997/export-2d0905e9fee2a19f7f6b05ce7464065e-wet_asphalt.res[39m[0m
[  20% ] [90m[1msavepack[22m | Storing File: res://.godot/exported/133200997/export-77fcd11659a9b52429214fced5406bf7-wet_wood.res[39m[0m
[  20% ] [90m[1msavepack[22m | Storing File: res://.godot/exported/133200997/export-e762184ccbc7fe04ca1b0a67d2957744-boat_hull.res[39m[0m
[  20% ] [90m[1msavepack[22m | Storing File: res://.godot/exported/133200997/export-842a8945ac60a7cb1bc6ed18de80947e-coastal_warm.res[39m[0m
[  20% ] [90m[1msavepack[22m | Storing File: res://.godot/exported/133200997/export-909a42039755fc32e350616ec22072b5-dry_sand.res[39m[0m
[  20% ] [90m[1msavepack[22m | Storing File: res://.godot/exported/133200997/export-4de8ab18603789957b71682ad715e81c-harbor_mast.res[39m[0m
[  20% ] [90m[1msavepack[22m | Storing File: res://.godot/exported/133200997/export-57d1b0a5586724cf5b510e5aad924416-ocean_foam.res[39m[0m
[  21% ] [90m[1msavepack[22m | Storing File: res://.godot/exported/133200997/export-16f15820381ec7e3f132d2c736853c2e-ocean_horizon.res[39m[0m
[  21% ] [90m[1msavepack[22m | Storing File: res://.godot/exported/133200997/export-be086b2fff1cca1323a5e258699cad14-palm_leaf.res[39m[0m
[  21% ] [90m[1msavepack[22m | Storing File: res://.godot/exported/133200997/export-b3965278d9c4bae9aeece289f0c07183-salt_steel.res[39m[0m
[  21% ] [90m[1msavepack[22m | Storing File: res://.godot/exported/133200997/export-39776e276bed42fc12e8fa6c696e521b-sun_bleached_asphalt.res[39m[0m
[  21% ] [90m[1msavepack[22m | Storing File: res://.godot/exported/133200997/export-494eb3e7dbe95a1bb84e1fd6a5f2cbba-timber_pier.res[39m[0m
[  21% ] [90m[1msavepack[22m | Storing File: res://.godot/exported/133200997/export-2f4b11d6265e6f92947c28d7de1cf449-warm_concrete.res[39m[0m
[  21% ] [90m[1msavepack[22m | Storing File: res://.godot/exported/133200997/export-a601cdaa65996fea0d412d0275ddb447-weathered_metal.res[39m[0m
[  21% ] [90m[1msavepack[22m | Storing File: res://.godot/exported/133200997/export-92f3be4898c3e42bb8e6881e80220d1d-wet_sand.res[39m[0m
[  22% ] [90m[1msavepack[22m | Storing File: res://.godot/imported/dark_side_fetch_environment.glb-68ddd2663c5b5204ce4ec0d1d65d4fd1.scn[39m[0m
[  22% ] [90m[1msavepack[22m | Storing File: res://assets/models/environment/dark_side_fetch_environment.glb.import[39m[0m
[  22% ] [90m[1msavepack[22m | Storing File: res://scripts/ui/options_menu.gdc[39m[0m
[  22% ] [90m[1msavepack[22m | Storing File: res://.godot/imported/rain_city_run_foundry.glb-be7ec7166e0f62c1ab0af5187d0c8d7e.scn[39m[0m
[  22% ] [90m[1msavepack[22m | Storing File: res://assets/models/environment/rain_city_run_foundry.glb.import[39m[0m
[  22% ] [90m[1msavepack[22m | Storing File: res://.godot/imported/salmon_creek_opening_foundry.glb-1c6c402b7785bd48e338c4bede801d24.scn[39m[0m
[  22% ] [90m[1msavepack[22m | Storing File: res://assets/models/environment/salmon_creek_opening_foundry.glb.import[39m[0m
[  22% ] [90m[1msavepack[22m | Storing File: res://.godot/imported/ventura_pier_pressure_environment.glb-f28397b75ca393492d2cd7cbe2dd2ba1.scn[39m[0m
[  22% ] [90m[1msavepack[22m | Storing File: res://assets/models/environment/ventura_pier_pressure_environment.glb.import[39m[0m
[  22% ] [90m[1msavepack[22m | Storing File: res://scripts/ui/level_select.gdc[39m[0m
[  22% ] [90m[1msavepack[22m | Storing File: res://scripts/ui/menu_controller.gdc[39m[0m
[  22% ] [90m[1msavepack[22m | Storing File: res://scripts/ui/level_card_data.gdc[39m[0m
[  23% ] [90m[1msavepack[22m | Storing File: res://scripts/ui/mission_warmup_profile.gdc[39m[0m
[  23% ] [90m[1msavepack[22m | Storing File: res://scripts/ui/mobile_controls.gdc[39m[0m
[  23% ] [90m[1msavepack[22m | Storing File: res://.godot/imported/salmon_creek_ball_return.glb-2b5f1371b72dc8b2e4e6f3c825f10110.scn[39m[0m
[  23% ] [90m[1msavepack[22m | Storing File: res://assets/models/props/salmon_creek_ball_return.glb.import[39m[0m
[  23% ] [90m[1msavepack[22m | Storing File: res://.godot/imported/municipal_towmaster.glb-6123ee3bbe8ec9bd0f434678559e37f7.scn[39m[0m
[  23% ] [90m[1msavepack[22m | Storing File: res://assets/models/set_pieces/municipal_towmaster.glb.import[39m[0m
[  23% ] [90m[1msavepack[22m | Storing File: res://.godot/imported/barkshot_viewmodel.glb-86c7d54b396723a97e12e67efaaaa5c3.scn[39m[0m
[  23% ] [90m[1msavepack[22m | Storing File: res://assets/models/weapons/barkshot_viewmodel.glb.import[39m[0m
[  23% ] [90m[1msavepack[22m | Storing File: res://.godot/imported/fetch_launcher_viewmodel.glb-67df7ae6583269b9bc5b1f51dcfe333b.scn[39m[0m
[  23% ] [90m[1msavepack[22m | Storing File: res://assets/models/weapons/fetch_launcher_viewmodel.glb.import[39m[0m
[  23% ] [90m[1msavepack[22m | Storing File: res://.godot/imported/pawstol_viewmodel.glb-ee153f3f312afc5f300a7131685eed4c.scn[39m[0m
[  23% ] [90m[1msavepack[22m | Storing File: res://assets/models/weapons/pawstol_viewmodel.glb.import[39m[0m
[  23% ] [90m[1msavepack[22m | Storing File: res://.godot/imported/animal_control_walker_atlas.png-2666a5a2925b9b81efd68e744abec247.ctex[39m[0m
[  23% ] [90m[1msavepack[22m | Storing File: res://assets/sprites/enemies/atlases/animal_control_walker_atlas.png.import[39m[0m
[  24% ] [90m[1msavepack[22m | Storing File: res://.godot/imported/compliance_hound_atlas.png-dc10b791ee57d47929aa40682d28fbdb.ctex[39m[0m
[  24% ] [90m[1msavepack[22m | Storing File: res://assets/sprites/enemies/atlases/compliance_hound_atlas.png.import[39m[0m
[  24% ] [90m[1msavepack[22m | Storing File: res://.godot/imported/leash_enforcement_drone_atlas.png-8774c69f1d85772f1c0f47a360b4eb7a.ctex[39m[0m
[  24% ] [90m[1msavepack[22m | Storing File: res://assets/sprites/enemies/atlases/leash_enforcement_drone_atlas.png.import[39m[0m
[  24% ] [90m[1msavepack[22m | Storing File: res://.godot/imported/mutant_groundskeeper_atlas.png-5bc1a64950901ae58f811287aff203d1.ctex[39m[0m
[  24% ] [90m[1msavepack[22m | Storing File: res://assets/sprites/enemies/atlases/mutant_groundskeeper_atlas.png.import[39m[0m
[  24% ] [90m[1msavepack[22m | Storing File: res://.godot/imported/squirrel_trooper_atlas.png-23925044a9501a551a3851917c08b18e.ctex[39m[0m
[  24% ] [90m[1msavepack[22m | Storing File: res://assets/sprites/enemies/atlases/squirrel_trooper_atlas.png.import[39m[0m
[  24% ] [90m[1msavepack[22m | Storing File: res://.godot/imported/umbrella_shield_enforcer_atlas.png-409708f7ffd67d42b6f32bd82665b07b.ctex[39m[0m
[  24% ] [90m[1msavepack[22m | Storing File: res://assets/sprites/enemies/atlases/umbrella_shield_enforcer_atlas.png.import[39m[0m
[  24% ] [90m[1msavepack[22m | Storing File: res://.godot/imported/animal_control_walker.png-138e65b150b43ecc04088f28884fba3d.ctex[39m[0m
[  24% ] [90m[1msavepack[22m | Storing File: res://assets/sprites/enemies/animal_control_walker.png.import[39m[0m
[  24% ] [90m[1msavepack[22m | Storing File: res://.godot/imported/compliance_hound.png-e2fd9a891c19f403b6502c3e6c4db755.ctex[39m[0m
[  24% ] [90m[1msavepack[22m | Storing File: res://assets/sprites/enemies/compliance_hound.png.import[39m[0m
[  24% ] [90m[1msavepack[22m | Storing File: res://.godot/imported/leash_enforcement_drone.png-33798e6150543b295141e818a0244a5b.ctex[39m[0m
[  24% ] [90m[1msavepack[22m | Storing File: res://assets/sprites/enemies/leash_enforcement_drone.png.import[39m[0m
[  25% ] [90m[1msavepack[22m | Storing File: res://.godot/imported/mutant_groundskeeper.png-85e97f48358887ea3543eca7eafc3dfa.ctex[39m[0m
[  25% ] [90m[1msavepack[22m | Storing File: res://assets/sprites/enemies/mutant_groundskeeper.png.import[39m[0m
[  25% ] [90m[1msavepack[22m | Storing File: res://.godot/imported/squirrel_trooper.png-1cb52146b5829c2b77e8149d57556251.ctex[39m[0m
[  25% ] [90m[1msavepack[22m | Storing File: res://assets/sprites/enemies/squirrel_trooper.png.import[39m[0m
[  25% ] [90m[1msavepack[22m | Storing File: res://scripts/ui/crosshair.gdc[39m[0m
[  25% ] [90m[1msavepack[22m | Storing File: res://scripts/ui/doghouse_hub.gdc[39m[0m
[  25% ] [90m[1msavepack[22m | Storing File: res://scripts/ui/damage_direction_indicator.gdc[39m[0m
[  25% ] [90m[1msavepack[22m | Storing File: res://scripts/ui/death_screen.gdc[39m[0m
[  25% ] [90m[1msavepack[22m | Storing File: res://scripts/ui/hud.gdc[39m[0m
[  26% ] [90m[1msavepack[22m | Storing File: res://.godot/imported/airlock_steel_albedo.png-a7564cce949f098124823b92b2b2383c.ctex[39m[0m
[  26% ] [90m[1msavepack[22m | Storing File: res://assets/textures/materials/moon/airlock_steel_albedo.png.import[39m[0m
[  26% ] [90m[1msavepack[22m | Storing File: res://.godot/imported/airlock_steel_normal.png-02574736c1f28f3e580a2b3086b97f88.ctex[39m[0m
[  26% ] [90m[1msavepack[22m | Storing File: res://assets/textures/materials/moon/airlock_steel_normal.png.import[39m[0m
[  26% ] [90m[1msavepack[22m | Storing File: res://.godot/imported/airlock_steel_orm.png-4eae9ec37c56614e668b255275d7367c.ctex[39m[0m
[  26% ] [90m[1msavepack[22m | Storing File: res://assets/textures/materials/moon/airlock_steel_orm.png.import[39m[0m
[  26% ] [90m[1msavepack[22m | Storing File: res://.godot/imported/antenna_scaffold_albedo.png-e830e1acf32b60080215fee926f05b6e.ctex[39m[0m
[  26% ] [90m[1msavepack[22m | Storing File: res://assets/textures/materials/moon/antenna_scaffold_albedo.png.import[39m[0m
[  26% ] [90m[1msavepack[22m | Storing File: res://.godot/imported/antenna_scaffold_normal.png-f2019ba246fe4822dceb1ceb8f5a6532.ctex[39m[0m
[  26% ] [90m[1msavepack[22m | Storing File: res://assets/textures/materials/moon/antenna_scaffold_normal.png.import[39m[0m
[  26% ] [90m[1msavepack[22m | Storing File: res://.godot/imported/antenna_scaffold_orm.png-1a89188f8cbeda8504be2ae5ef1bf77b.ctex[39m[0m
[  26% ] [90m[1msavepack[22m | Storing File: res://assets/textures/materials/moon/antenna_scaffold_orm.png.import[39m[0m
[  26% ] [90m[1msavepack[22m | Storing File: res://.godot/imported/crater_basalt_albedo.png-1942d5aea75f8f7ffb388e69819d9f8b.ctex[39m[0m
[  26% ] [90m[1msavepack[22m | Storing File: res://assets/textures/materials/moon/crater_basalt_albedo.png.import[39m[0m
[  26% ] [90m[1msavepack[22m | Storing File: res://.godot/imported/crater_basalt_normal.png-d5955e870e19ccad3315c812aeeecd81.ctex[39m[0m
[  26% ] [90m[1msavepack[22m | Storing File: res://assets/textures/materials/moon/crater_basalt_normal.png.import[39m[0m
[  27% ] [90m[1msavepack[22m | Storing File: res://.godot/imported/crater_basalt_orm.png-7da486fdd1fecc3edd444a8052113038.ctex[39m[0m
[  27% ] [90m[1msavepack[22m | Storing File: res://assets/textures/materials/moon/crater_basalt_orm.png.import[39m[0m
[  27% ] [90m[1msavepack[22m | Storing File: res://.godot/imported/cryo_glass_albedo.png-768f1ff0a7f42f170d07cdf2d034645a.ctex[39m[0m
[  27% ] [90m[1msavepack[22m | Storing File: res://assets/textures/materials/moon/cryo_glass_albedo.png.import[39m[0m
[  27% ] [90m[1msavepack[22m | Storing File: res://.godot/imported/cryo_glass_normal.png-2b5599c547c170a7678594733c01a591.ctex[39m[0m
[  27% ] [90m[1msavepack[22m | Storing File: res://assets/textures/materials/moon/cryo_glass_normal.png.import[39m[0m
[  27% ] [90m[1msavepack[22m | Storing File: res://.godot/imported/cryo_glass_orm.png-82613ada11bc87b0906c49b714c27ea0.ctex[39m[0m
[  27% ] [90m[1msavepack[22m | Storing File: res://assets/textures/materials/moon/cryo_glass_orm.png.import[39m[0m
[  27% ] [90m[1msavepack[22m | Storing File: res://.godot/imported/earth_landmark_albedo.png-0aba9ea2b364ba0fa49fb5420bfeb032.ctex[39m[0m
[  27% ] [90m[1msavepack[22m | Storing File: res://assets/textures/materials/moon/earth_landmark_albedo.png.import[39m[0m
[  27% ] [90m[1msavepack[22m | Storing File: res://.godot/imported/earth_landmark_normal.png-d01ec835aac8dc318f3beeaec2c27783.ctex[39m[0m
[  27% ] [90m[1msavepack[22m | Storing File: res://assets/textures/materials/moon/earth_landmark_normal.png.import[39m[0m
[  27% ] [90m[1msavepack[22m | Storing File: res://.godot/imported/earth_landmark_orm.png-79ec38bc6dee9239dab5ea6cc2c5c704.ctex[39m[0m
[  27% ] [90m[1msavepack[22m | Storing File: res://assets/textures/materials/moon/earth_landmark_orm.png.import[39m[0m
[  27% ] [90m[1msavepack[22m | Storing File: res://.godot/imported/habitat_panels_albedo.png-29b78cd71028c3226b3f255c622084a1.ctex[39m[0m
[  27% ] [90m[1msavepack[22m | Storing File: res://assets/textures/materials/moon/habitat_panels_albedo.png.import[39m[0m
[  28% ] [90m[1msavepack[22m | Storing File: res://.godot/imported/habitat_panels_normal.png-0069831bf0184d8a2239935f77ee8df5.ctex[39m[0m
[  28% ] [90m[1msavepack[22m | Storing File: res://assets/textures/materials/moon/habitat_panels_normal.png.import[39m[0m
[  28% ] [90m[1msavepack[22m | Storing File: res://.godot/imported/habitat_panels_orm.png-64a20f216e9af4ce5087dd7b973165df.ctex[39m[0m
[  28% ] [90m[1msavepack[22m | Storing File: res://assets/textures/materials/moon/habitat_panels_orm.png.import[39m[0m
[  28% ] [90m[1msavepack[22m | Storing File: res://.godot/imported/habitat_warm_windows_albedo.png-fecb7e164d6781d0cb89c8d180f0183a.ctex[39m[0m
[  28% ] [90m[1msavepack[22m | Storing File: res://assets/textures/materials/moon/habitat_warm_windows_albedo.png.import[39m[0m
[  28% ] [90m[1msavepack[22m | Storing File: res://.godot/imported/habitat_warm_windows_normal.png-d459fad1cd9d576613d587fdb791d36e.ctex[39m[0m
[  28% ] [90m[1msavepack[22m | Storing File: res://assets/textures/materials/moon/habitat_warm_windows_normal.png.import[39m[0m
[  28% ] [90m[1msavepack[22m | Storing File: res://.godot/imported/habitat_warm_windows_orm.png-fa56ea98514f22f0dad122a6b67e2ad7.ctex[39m[0m
[  28% ] [90m[1msavepack[22m | Storing File: res://assets/textures/materials/moon/habitat_warm_windows_orm.png.import[39m[0m
[  28% ] [90m[1msavepack[22m | Storing File: res://.godot/imported/ice_glaze_albedo.png-12a283c1a766e67cbd9ec0d44fba1403.ctex[39m[0m
[  28% ] [90m[1msavepack[22m | Storing File: res://assets/textures/materials/moon/ice_glaze_albedo.png.import[39m[0m
[  28% ] [90m[1msavepack[22m | Storing File: res://.godot/imported/ice_glaze_normal.png-aff83b7bae6cd5aeb39e51a933c3f64f.ctex[39m[0m
[  28% ] [90m[1msavepack[22m | Storing File: res://assets/textures/materials/moon/ice_glaze_normal.png.import[39m[0m
[  28% ] [90m[1msavepack[22m | Storing File: res://.godot/imported/ice_glaze_orm.png-6af0c5e3d0c6da14b35b9aea06165d92.ctex[39m[0m
[  28% ] [90m[1msavepack[22m | Storing File: res://assets/textures/materials/moon/ice_glaze_orm.png.import[39m[0m
[  29% ] [90m[1msavepack[22m | Storing File: res://.godot/imported/insulated_floor_albedo.png-44d6d9f16efd9730a315633ad07d5194.ctex[39m[0m
[  29% ] [90m[1msavepack[22m | Storing File: res://assets/textures/materials/moon/insulated_floor_albedo.png.import[39m[0m
[  29% ] [90m[1msavepack[22m | Storing File: res://.godot/imported/insulated_floor_normal.png-b12d6c2463d286662a9587a4a93d0991.ctex[39m[0m
[  29% ] [90m[1msavepack[22m | Storing File: res://assets/textures/materials/moon/insulated_floor_normal.png.import[39m[0m
[  29% ] [90m[1msavepack[22m | Storing File: res://.godot/imported/insulated_floor_orm.png-59d3fdd697a7254e4ccc56f1464bee29.ctex[39m[0m
[  29% ] [90m[1msavepack[22m | Storing File: res://assets/textures/materials/moon/insulated_floor_orm.png.import[39m[0m
[  29% ] [90m[1msavepack[22m | Storing File: res://.godot/imported/regolith_albedo.png-e878e0bd755992adccf22907e74d2611.ctex[39m[0m
[  29% ] [90m[1msavepack[22m | Storing File: res://assets/textures/materials/moon/regolith_albedo.png.import[39m[0m
[  29% ] [90m[1msavepack[22m | Storing File: res://.godot/imported/regolith_normal.png-4b2808e1264edc80c6fc520f7b93b693.ctex[39m[0m
[  29% ] [90m[1msavepack[22m | Storing File: res://assets/textures/materials/moon/regolith_normal.png.import[39m[0m
[  29% ] [90m[1msavepack[22m | Storing File: res://.godot/imported/regolith_orm.png-9554552761ae4d4b60e15644205de3e6.ctex[39m[0m
[  29% ] [90m[1msavepack[22m | Storing File: res://assets/textures/materials/moon/regolith_orm.png.import[39m[0m
[  29% ] [90m[1msavepack[22m | Storing File: res://.godot/imported/safety_lines_albedo.png-1e13d035cecff4381ea986348b7693ab.ctex[39m[0m
[  29% ] [90m[1msavepack[22m | Storing File: res://assets/textures/materials/moon/safety_lines_albedo.png.import[39m[0m
[  29% ] [90m[1msavepack[22m | Storing File: res://.godot/imported/safety_lines_normal.png-54a7a3c94cbf28f4a18b8150dd2954d5.ctex[39m[0m
[  29% ] [90m[1msavepack[22m | Storing File: res://assets/textures/materials/moon/safety_lines_normal.png.import[39m[0m
[  30% ] [90m[1msavepack[22m | Storing File: res://.godot/imported/safety_lines_orm.png-f84230c81344facd8c1faef7d69fa9e4.ctex[39m[0m
[  30% ] [90m[1msavepack[22m | Storing File: res://assets/textures/materials/moon/safety_lines_orm.png.import[39m[0m
[  30% ] [90m[1msavepack[22m | Storing File: res://.godot/imported/solar_panels_albedo.png-37a68a819166f21f8686d3b8a59dc10a.ctex[39m[0m
[  30% ] [90m[1msavepack[22m | Storing File: res://assets/textures/materials/moon/solar_panels_albedo.png.import[39m[0m
[  30% ] [90m[1msavepack[22m | Storing File: res://.godot/imported/solar_panels_normal.png-d5640d7a0889d5b325b08d92b868d909.ctex[39m[0m
[  30% ] [90m[1msavepack[22m | Storing File: res://assets/textures/materials/moon/solar_panels_normal.png.import[39m[0m
[  30% ] [90m[1msavepack[22m | Storing File: res://.godot/imported/solar_panels_orm.png-30e10d4022f95b5e8fb0112807126e12.ctex[39m[0m
[  30% ] [90m[1msavepack[22m | Storing File: res://assets/textures/materials/moon/solar_panels_orm.png.import[39m[0m
[  30% ] [90m[1msavepack[22m | Storing File: res://.godot/imported/exposed_rock_albedo.png-cf809c6d8c163f7f7fd52ddcd4d19612.s3tc.ctex[39m[0m
[  30% ] [90m[1msavepack[22m | Storing File: res://assets/textures/materials/mount_hood/exposed_rock_albedo.png.import[39m[0m
[  30% ] [90m[1msavepack[22m | Storing File: res://.godot/imported/exposed_rock_normal.png-bfc7fd671989880cab2527fa0da8b358.s3tc.ctex[39m[0m
[  30% ] [90m[1msavepack[22m | Storing File: res://assets/textures/materials/mount_hood/exposed_rock_normal.png.import[39m[0m
[  30% ] [90m[1msavepack[22m | Storing File: res://.godot/imported/exposed_rock_orm.png-f553633e89c1335320adfc88382cec59.ctex[39m[0m
[  30% ] [90m[1msavepack[22m | Storing File: res://assets/textures/materials/mount_hood/exposed_rock_orm.png.import[39m[0m
[  30% ] [90m[1msavepack[22m | Storing File: res://.godot/imported/fresh_powder_albedo.png-e5a50b1cb3fbbd6b1135b8505d3e57a1.s3tc.ctex[39m[0m
[  30% ] [90m[1msavepack[22m | Storing File: res://assets/textures/materials/mount_hood/fresh_powder_albedo.png.import[39m[0m
[  31% ] [90m[1msavepack[22m | Storing File: res://.godot/imported/fresh_powder_normal.png-ffc02718af9cdce6b6b3228c205e8161.s3tc.ctex[39m[0m
[  31% ] [90m[1msavepack[22m | Storing File: res://assets/textures/materials/mount_hood/fresh_powder_normal.png.import[39m[0m
[  31% ] [90m[1msavepack[22m | Storing File: res://.godot/imported/fresh_powder_orm.png-fbe2de345cd82a5d60c2808ac7eb8438.ctex[39m[0m
[  31% ] [90m[1msavepack[22m | Storing File: res://assets/textures/materials/mount_hood/fresh_powder_orm.png.import[39m[0m
[  31% ] [90m[1msavepack[22m | Storing File: res://.godot/imported/frosted_glass_albedo.png-13735b55c45f2800eff68168c9fc5789.s3tc.ctex[39m[0m
[  31% ] [90m[1msavepack[22m | Storing File: res://assets/textures/materials/mount_hood/frosted_glass_albedo.png.import[39m[0m
[  31% ] [90m[1msavepack[22m | Storing File: res://.godot/imported/frosted_glass_normal.png-afd181fb5d5ce028a0162696d2ff0afe.s3tc.ctex[39m[0m
[  31% ] [90m[1msavepack[22m | Storing File: res://assets/textures/materials/mount_hood/frosted_glass_normal.png.import[39m[0m
[  31% ] [90m[1msavepack[22m | Storing File: res://.godot/imported/frosted_glass_orm.png-8b7083d5190d56c5b82024065a0c5e91.ctex[39m[0m
[  31% ] [90m[1msavepack[22m | Storing File: res://assets/textures/materials/mount_hood/frosted_glass_orm.png.import[39m[0m
[  31% ] [90m[1msavepack[22m | Storing File: res://.godot/imported/icy_slush_albedo.png-44f5a84c44176774a83309db45fcb6dc.s3tc.ctex[39m[0m
[  31% ] [90m[1msavepack[22m | Storing File: res://assets/textures/materials/mount_hood/icy_slush_albedo.png.import[39m[0m
[  31% ] [90m[1msavepack[22m | Storing File: res://.godot/imported/icy_slush_normal.png-590e29f63fe361c632ca066ec1039f09.s3tc.ctex[39m[0m
[  31% ] [90m[1msavepack[22m | Storing File: res://assets/textures/materials/mount_hood/icy_slush_normal.png.import[39m[0m
[  31% ] [90m[1msavepack[22m | Storing File: res://.godot/imported/icy_slush_orm.png-512ea70a10a4c17c0fac9b0e24177b4a.ctex[39m[0m
[  31% ] [90m[1msavepack[22m | Storing File: res://assets/textures/materials/mount_hood/icy_slush_orm.png.import[39m[0m
[  32% ] [90m[1msavepack[22m | Storing File: res://.godot/imported/lift_steel_albedo.png-d0ffa4ad6d30a7414af713f5755c5749.s3tc.ctex[39m[0m
[  32% ] [90m[1msavepack[22m | Storing File: res://assets/textures/materials/mount_hood/lift_steel_albedo.png.import[39m[0m
[  32% ] [90m[1msavepack[22m | Storing File: res://.godot/imported/lift_steel_normal.png-842ae2cd4928eb9c2cc746e376cc52e8.s3tc.ctex[39m[0m
[  32% ] [90m[1msavepack[22m | Storing File: res://assets/textures/materials/mount_hood/lift_steel_normal.png.import[39m[0m
[  32% ] [90m[1msavepack[22m | Storing File: res://.godot/imported/lift_steel_orm.png-b697b29604782121107ce79c87d72b07.ctex[39m[0m
[  32% ] [90m[1msavepack[22m | Storing File: res://assets/textures/materials/mount_hood/lift_steel_orm.png.import[39m[0m
[  32% ] [90m[1msavepack[22m | Storing File: res://.godot/imported/lodge_stone_albedo.png-3516cf88a2a3ac12455d38eb4527de79.s3tc.ctex[39m[0m
[  32% ] [90m[1msavepack[22m | Storing File: res://assets/textures/materials/mount_hood/lodge_stone_albedo.png.import[39m[0m
[  32% ] [90m[1msavepack[22m | Storing File: res://.godot/imported/lodge_stone_normal.png-e4d3773a44191a0995b7612a825fb865.s3tc.ctex[39m[0m
[  32% ] [90m[1msavepack[22m | Storing File: res://assets/textures/materials/mount_hood/lodge_stone_normal.png.import[39m[0m
[  32% ] [90m[1msavepack[22m | Storing File: res://.godot/imported/lodge_stone_orm.png-6d4a55ef251c9066410bc5ba35ff91c3.ctex[39m[0m
[  32% ] [90m[1msavepack[22m | Storing File: res://assets/textures/materials/mount_hood/lodge_stone_orm.png.import[39m[0m
[  32% ] [90m[1msavepack[22m | Storing File: res://.godot/imported/lodge_timber_albedo.png-7c8bdf8293a0518ed5c7ca1ece9f0fc5.s3tc.ctex[39m[0m
[  32% ] [90m[1msavepack[22m | Storing File: res://assets/textures/materials/mount_hood/lodge_timber_albedo.png.import[39m[0m
[  33% ] [90m[1msavepack[22m | Storing File: res://.godot/imported/lodge_timber_normal.png-e82c2d7af28d70f947e76f266b8bf271.s3tc.ctex[39m[0m
[  33% ] [90m[1msavepack[22m | Storing File: res://assets/textures/materials/mount_hood/lodge_timber_normal.png.import[39m[0m
[  33% ] [90m[1msavepack[22m | Storing File: res://.godot/imported/lodge_timber_orm.png-11ee346c024b89aaae21656da39183f0.ctex[39m[0m
[  33% ] [90m[1msavepack[22m | Storing File: res://assets/textures/materials/mount_hood/lodge_timber_orm.png.import[39m[0m
[  33% ] [90m[1msavepack[22m | Storing File: res://.godot/imported/packed_snow_albedo.png-744848a7d0b3f56dd24e6220ba9c249c.s3tc.ctex[39m[0m
[  33% ] [90m[1msavepack[22m | Storing File: res://assets/textures/materials/mount_hood/packed_snow_albedo.png.import[39m[0m
[  33% ] [90m[1msavepack[22m | Storing File: res://.godot/imported/packed_snow_normal.png-fe2d8c6709e016e8ece102d165d78f26.s3tc.ctex[39m[0m
[  33% ] [90m[1msavepack[22m | Storing File: res://assets/textures/materials/mount_hood/packed_snow_normal.png.import[39m[0m
[  33% ] [90m[1msavepack[22m | Storing File: res://.godot/imported/packed_snow_orm.png-a8983afb1ef435f351a5575f5f1efdbb.ctex[39m[0m
[  33% ] [90m[1msavepack[22m | Storing File: res://assets/textures/materials/mount_hood/packed_snow_orm.png.import[39m[0m
[  33% ] [90m[1msavepack[22m | Storing File: res://.godot/imported/plowed_asphalt_albedo.png-3d8f39caa02c894725872cdd5dfed21b.s3tc.ctex[39m[0m
[  33% ] [90m[1msavepack[22m | Storing File: res://assets/textures/materials/mount_hood/plowed_asphalt_albedo.png.import[39m[0m
[  33% ] [90m[1msavepack[22m | Storing File: res://.godot/imported/plowed_asphalt_normal.png-329c6573f53be28da38ee92f5b8f654e.s3tc.ctex[39m[0m
[  33% ] [90m[1msavepack[22m | Storing File: res://assets/textures/materials/mount_hood/plowed_asphalt_normal.png.import[39m[0m
[  33% ] [90m[1msavepack[22m | Storing File: res://.godot/imported/plowed_asphalt_orm.png-340dd3aca8bce4fbd0ebc41e145486e8.ctex[39m[0m
[  33% ] [90m[1msavepack[22m | Storing File: res://assets/textures/materials/mount_hood/plowed_asphalt_orm.png.import[39m[0m
[  33% ] [90m[1msavepack[22m | Storing File: res://.godot/imported/warm_windows_albedo.png-340bcc5ec5f46dc04f5f9b687a316c74.s3tc.ctex[39m[0m
[  33% ] [90m[1msavepack[22m | Storing File: res://assets/textures/materials/mount_hood/warm_windows_albedo.png.import[39m[0m
[  33% ] [90m[1msavepack[22m | Storing File: res://.godot/imported/warm_windows_normal.png-aabf3d269359339e50c7198b469b6af8.s3tc.ctex[39m[0m
[  33% ] [90m[1msavepack[22m | Storing File: res://assets/textures/materials/mount_hood/warm_windows_normal.png.import[39m[0m
[  33% ] [90m[1msavepack[22m | Storing File: res://.godot/imported/warm_windows_orm.png-de662341587ace9aba0bb5d3442b12a3.ctex[39m[0m
[  33% ] [90m[1msavepack[22m | Storing File: res://assets/textures/materials/mount_hood/warm_windows_orm.png.import[39m[0m
[  33% ] [90m[1msavepack[22m | Storing File: res://.godot/imported/glass_panels_albedo.png-f899532624f64a7b36b6d04c631e42a9.s3tc.ctex[39m[0m
[  33% ] [90m[1msavepack[22m | Storing File: res://assets/textures/materials/rain_city/glass_panels_albedo.png.import[39m[0m
[  33% ] [90m[1msavepack[22m | Storing File: res://.godot/imported/glass_panels_normal.png-955e78d94ea777dc8b440c735796efc8.s3tc.ctex[39m[0m
[  33% ] [90m[1msavepack[22m | Storing File: res://assets/textures/materials/rain_city/glass_panels_normal.png.import[39m[0m
[  33% ] [90m[1msavepack[22m | Storing File: res://.godot/imported/glass_panels_orm.png-6a5081a460c82520656c5c9ac8e79991.ctex[39m[0m
[  33% ] [90m[1msavepack[22m | Storing File: res://assets/textures/materials/rain_city/glass_panels_orm.png.import[39m[0m
[  33% ] [90m[1msavepack[22m | Storing File: res://.godot/imported/harbour_steel_albedo.png-b6351747977330f943bf3fa0aa2d958e.s3tc.ctex[39m[0m
[  33% ] [90m[1msavepack[22m | Storing File: res://assets/textures/materials/rain_city/harbour_steel_albedo.png.import[39m[0m
[  33% ] [90m[1msavepack[22m | Storing File: res://.godot/imported/harbour_steel_normal.png-af8836dece450893bcf08bbec6ba9a93.s3tc.ctex[39m[0m
[  33% ] [90m[1msavepack[22m | Storing File: res://assets/textures/materials/rain_city/harbour_steel_normal.png.import[39m[0m
[  34% ] [90m[1msavepack[22m | Storing File: res://.godot/imported/harbour_steel_orm.png-ccafa93f99d7a4c105152a9d5bcebfbd.ctex[39m[0m
[  34% ] [90m[1msavepack[22m | Storing File: res://assets/textures/materials/rain_city/harbour_steel_orm.png.import[39m[0m
[  34% ] [90m[1msavepack[22m | Storing File: res://.godot/imported/painted_municipal_metal_albedo.png-dcb1c49379c9542e3def0623914e09c0.s3tc.ctex[39m[0m
[  34% ] [90m[1msavepack[22m | Storing File: res://assets/textures/materials/rain_city/painted_municipal_metal_albedo.png.import[39m[0m
[  34% ] [90m[1msavepack[22m | Storing File: res://.godot/imported/painted_municipal_metal_normal.png-64d96491cccec338318a8de7e5c3d74b.s3tc.ctex[39m[0m
[  34% ] [90m[1msavepack[22m | Storing File: res://assets/textures/materials/rain_city/painted_municipal_metal_normal.png.import[39m[0m
[  34% ] [90m[1msavepack[22m | Storing File: res://.godot/imported/painted_municipal_metal_orm.png-e11c5847c13b3c64bfc039f1f3cf997f.ctex[39m[0m
[  34% ] [90m[1msavepack[22m | Storing File: res://assets/textures/materials/rain_city/painted_municipal_metal_orm.png.import[39m[0m
[  34% ] [90m[1msavepack[22m | Storing File: res://.godot/imported/rain_brick_albedo.png-eeef94c061808698f6b40dc361f2541c.s3tc.ctex[39m[0m
[  34% ] [90m[1msavepack[22m | Storing File: res://assets/textures/materials/rain_city/rain_brick_albedo.png.import[39m[0m
[  34% ] [90m[1msavepack[22m | Storing File: res://.godot/imported/rain_brick_normal.png-67d15c7cf2dd3640fd50a4d1d0b85b1c.s3tc.ctex[39m[0m
[  34% ] [90m[1msavepack[22m | Storing File: res://assets/textures/materials/rain_city/rain_brick_normal.png.import[39m[0m
[  34% ] [90m[1msavepack[22m | Storing File: res://.godot/imported/rain_brick_orm.png-ce88a1dab170774b4c440ec1bbf014c8.ctex[39m[0m
[  34% ] [90m[1msavepack[22m | Storing File: res://assets/textures/materials/rain_city/rain_brick_orm.png.import[39m[0m
[  34% ] [90m[1msavepack[22m | Storing File: res://.godot/imported/route_decals_albedo.png-4121c564faae9fe8c1fb0ce72f0492e0.s3tc.ctex[39m[0m
[  34% ] [90m[1msavepack[22m | Storing File: res://assets/textures/materials/rain_city/route_decals_albedo.png.import[39m[0m
[  35% ] [90m[1msavepack[22m | Storing File: res://.godot/imported/route_decals_normal.png-2b4706cc597966a5110bb51699ace2c5.s3tc.ctex[39m[0m
[  35% ] [90m[1msavepack[22m | Storing File: res://assets/textures/materials/rain_city/route_decals_normal.png.import[39m[0m
[  35% ] [90m[1msavepack[22m | Storing File: res://.godot/imported/route_decals_orm.png-03650251af44c8018601c533fab25aba.ctex[39m[0m
[  35% ] [90m[1msavepack[22m | Storing File: res://assets/textures/materials/rain_city/route_decals_orm.png.import[39m[0m
[  35% ] [90m[1msavepack[22m | Storing File: res://.godot/imported/seawall_concrete_albedo.png-729c071e87cb4ac17fc07a79406d1228.s3tc.ctex[39m[0m
[  35% ] [90m[1msavepack[22m | Storing File: res://assets/textures/materials/rain_city/seawall_concrete_albedo.png.import[39m[0m
[  35% ] [90m[1msavepack[22m | Storing File: res://.godot/imported/seawall_concrete_normal.png-c2743c47aa821aeae4ed901a48425dee.s3tc.ctex[39m[0m
[  35% ] [90m[1msavepack[22m | Storing File: res://assets/textures/materials/rain_city/seawall_concrete_normal.png.import[39m[0m
[  35% ] [90m[1msavepack[22m | Storing File: res://.godot/imported/seawall_concrete_orm.png-2087b9e07a84eae3f9d5688e40260bf9.ctex[39m[0m
[  35% ] [90m[1msavepack[22m | Storing File: res://assets/textures/materials/rain_city/seawall_concrete_orm.png.import[39m[0m
[  35% ] [90m[1msavepack[22m | Storing File: res://.godot/imported/slice_tile_albedo.png-a8b06ec1c05deb447f8860df222619a4.s3tc.ctex[39m[0m
[  35% ] [90m[1msavepack[22m | Storing File: res://assets/textures/materials/rain_city/slice_tile_albedo.png.import[39m[0m
[  35% ] [90m[1msavepack[22m | Storing File: res://.godot/imported/slice_tile_normal.png-c1edbd441f48f439aa53421d55c55eff.s3tc.ctex[39m[0m
[  35% ] [90m[1msavepack[22m | Storing File: res://assets/textures/materials/rain_city/slice_tile_normal.png.import[39m[0m
[  35% ] [90m[1msavepack[22m | Storing File: res://.godot/imported/slice_tile_orm.png-92ec07c0dccfa31e0ba138722ae7131f.ctex[39m[0m
[  35% ] [90m[1msavepack[22m | Storing File: res://assets/textures/materials/rain_city/slice_tile_orm.png.import[39m[0m
[  36% ] [90m[1msavepack[22m | Storing File: res://.godot/imported/terminal_floor_albedo.png-6129172de4beca3c415bd5bdd1278745.s3tc.ctex[39m[0m
[  36% ] [90m[1msavepack[22m | Storing File: res://assets/textures/materials/rain_city/terminal_floor_albedo.png.import[39m[0m
[  36% ] [90m[1msavepack[22m | Storing File: res://.godot/imported/terminal_floor_normal.png-e40dfc98041cc40a3aa2a2f5c03dfa97.s3tc.ctex[39m[0m
[  36% ] [90m[1msavepack[22m | Storing File: res://assets/textures/materials/rain_city/terminal_floor_normal.png.import[39m[0m
[  36% ] [90m[1msavepack[22m | Storing File: res://.godot/imported/terminal_floor_orm.png-dba8a054f3c645490b740843a069fe4d.ctex[39m[0m
[  36% ] [90m[1msavepack[22m | Storing File: res://assets/textures/materials/rain_city/terminal_floor_orm.png.import[39m[0m
[  36% ] [90m[1msavepack[22m | Storing File: res://.godot/imported/wet_asphalt_albedo.png-8bef5fcb993ea1bb76c9bf7ebde91017.s3tc.ctex[39m[0m
[  36% ] [90m[1msavepack[22m | Storing File: res://assets/textures/materials/rain_city/wet_asphalt_albedo.png.import[39m[0m
[  36% ] [90m[1msavepack[22m | Storing File: res://.godot/imported/wet_asphalt_normal.png-fe2ba0187b46f7fcabd0dbc547394260.s3tc.ctex[39m[0m
[  36% ] [90m[1msavepack[22m | Storing File: res://assets/textures/materials/rain_city/wet_asphalt_normal.png.import[39m[0m
[  36% ] [90m[1msavepack[22m | Storing File: res://.godot/imported/wet_asphalt_orm.png-083845f6abf8b1a24bb56267bd3d555e.ctex[39m[0m
[  36% ] [90m[1msavepack[22m | Storing File: res://assets/textures/materials/rain_city/wet_asphalt_orm.png.import[39m[0m
[  36% ] [90m[1msavepack[22m | Storing File: res://.godot/imported/wet_wood_albedo.png-adbafef99b5be7eb7376d10b2d86cb2e.s3tc.ctex[39m[0m
[  36% ] [90m[1msavepack[22m | Storing File: res://assets/textures/materials/rain_city/wet_wood_albedo.png.import[39m[0m
[  36% ] [90m[1msavepack[22m | Storing File: res://.godot/imported/wet_wood_normal.png-282c9de4efdff88bed01b8badf6a26ba.s3tc.ctex[39m[0m
[  36% ] [90m[1msavepack[22m | Storing File: res://assets/textures/materials/rain_city/wet_wood_normal.png.import[39m[0m
[  37% ] [90m[1msavepack[22m | Storing File: res://.godot/imported/wet_wood_orm.png-de99fa914ced8e6f215ba4be9d82b36f.ctex[39m[0m
[  37% ] [90m[1msavepack[22m | Storing File: res://assets/textures/materials/rain_city/wet_wood_orm.png.import[39m[0m
[  37% ] [90m[1msavepack[22m | Storing File: res://.godot/imported/boat_hull_albedo.png-2836be585876c46804bb0e3de2717edf.ctex[39m[0m
[  37% ] [90m[1msavepack[22m | Storing File: res://assets/textures/materials/ventura/boat_hull_albedo.png.import[39m[0m
[  37% ] [90m[1msavepack[22m | Storing File: res://.godot/imported/boat_hull_normal.png-06ba51a8285486ecfb1e04ccadbad0da.ctex[39m[0m
[  37% ] [90m[1msavepack[22m | Storing File: res://assets/textures/materials/ventura/boat_hull_normal.png.import[39m[0m
[  37% ] [90m[1msavepack[22m | Storing File: res://.godot/imported/boat_hull_orm.png-aebdb0a02440a2f207556ff5c8f1d37a.ctex[39m[0m
[  37% ] [90m[1msavepack[22m | Storing File: res://assets/textures/materials/ventura/boat_hull_orm.png.import[39m[0m
[  37% ] [90m[1msavepack[22m | Storing File: res://.godot/imported/coastal_warm_albedo.png-74d9d58eb84ba0c04923ce23078cfa36.ctex[39m[0m
[  37% ] [90m[1msavepack[22m | Storing File: res://assets/textures/materials/ventura/coastal_warm_albedo.png.import[39m[0m
[  37% ] [90m[1msavepack[22m | Storing File: res://.godot/imported/coastal_warm_normal.png-6fbc345546d50dbce03c162e611d94f7.ctex[39m[0m
[  37% ] [90m[1msavepack[22m | Storing File: res://assets/textures/materials/ventura/coastal_warm_normal.png.import[39m[0m
[  37% ] [90m[1msavepack[22m | Storing File: res://.godot/imported/coastal_warm_orm.png-d4068a32a005d404875e7338ded74efd.ctex[39m[0m
[  37% ] [90m[1msavepack[22m | Storing File: res://assets/textures/materials/ventura/coastal_warm_orm.png.import[39m[0m
[  38% ] [90m[1msavepack[22m | Storing File: res://.godot/imported/dry_sand_albedo.png-97f439e074aadf05c0c81403cc69b324.ctex[39m[0m
[  38% ] [90m[1msavepack[22m | Storing File: res://assets/textures/materials/ventura/dry_sand_albedo.png.import[39m[0m
[  38% ] [90m[1msavepack[22m | Storing File: res://.godot/imported/dry_sand_normal.png-e1b97af944edb7d5505e72c4f4f5cbdf.ctex[39m[0m
[  38% ] [90m[1msavepack[22m | Storing File: res://assets/textures/materials/ventura/dry_sand_normal.png.import[39m[0m
[  38% ] [90m[1msavepack[22m | Storing File: res://.godot/imported/dry_sand_orm.png-f02091fd0f2f4ad6c129975e67723e47.ctex[39m[0m
[  38% ] [90m[1msavepack[22m | Storing File: res://assets/textures/materials/ventura/dry_sand_orm.png.import[39m[0m
[  38% ] [90m[1msavepack[22m | Storing File: res://.godot/imported/harbor_mast_albedo.png-00556c9a9e73b8789449ea14360c9322.ctex[39m[0m
[  38% ] [90m[1msavepack[22m | Storing File: res://assets/textures/materials/ventura/harbor_mast_albedo.png.import[39m[0m
[  38% ] [90m[1msavepack[22m | Storing File: res://.godot/imported/harbor_mast_normal.png-ea1c75bbed1e84ea1a9439ab55bc423e.ctex[39m[0m
[  38% ] [90m[1msavepack[22m | Storing File: res://assets/textures/materials/ventura/harbor_mast_normal.png.import[39m[0m
[  38% ] [90m[1msavepack[22m | Storing File: res://.godot/imported/harbor_mast_orm.png-14cc3786800df212b860456408829e43.ctex[39m[0m
[  38% ] [90m[1msavepack[22m | Storing File: res://assets/textures/materials/ventura/harbor_mast_orm.png.import[39m[0m
[  38% ] [90m[1msavepack[22m | Storing File: res://.godot/imported/ocean_foam_albedo.png-5d21677b8ac8596ea4ab79c08df5f4c4.ctex[39m[0m
[  38% ] [90m[1msavepack[22m | Storing File: res://assets/textures/materials/ventura/ocean_foam_albedo.png.import[39m[0m
[  38% ] [90m[1msavepack[22m | Storing File: res://.godot/imported/ocean_foam_normal.png-22324bfec06f6a8b36b8e227cb4a2bff.ctex[39m[0m
[  38% ] [90m[1msavepack[22m | Storing File: res://assets/textures/materials/ventura/ocean_foam_normal.png.import[39m[0m
[  39% ] [90m[1msavepack[22m | Storing File: res://.godot/imported/ocean_foam_orm.png-2477882a590df3c6a2f352f1908766a0.ctex[39m[0m
[  39% ] [90m[1msavepack[22m | Storing File: res://assets/textures/materials/ventura/ocean_foam_orm.png.import[39m[0m
[  39% ] [90m[1msavepack[22m | Storing File: res://.godot/imported/ocean_horizon_albedo.png-3af81d14d9a92e3f6ac66d4ebd6b0373.ctex[39m[0m
[  39% ] [90m[1msavepack[22m | Storing File: res://assets/textures/materials/ventura/ocean_horizon_albedo.png.import[39m[0m
[  39% ] [90m[1msavepack[22m | Storing File: res://.godot/imported/ocean_horizon_normal.png-cea74542923049575b68b74267cb5e1d.ctex[39m[0m
[  39% ] [90m[1msavepack[22m | Storing File: res://assets/textures/materials/ventura/ocean_horizon_normal.png.import[39m[0m
[  39% ] [90m[1msavepack[22m | Storing File: res://.godot/imported/ocean_horizon_orm.png-58b91ec4d7f7ce759efb26331d6c4ef0.ctex[39m[0m
[  39% ] [90m[1msavepack[22m | Storing File: res://assets/textures/materials/ventura/ocean_horizon_orm.png.import[39m[0m
[  39% ] [90m[1msavepack[22m | Storing File: res://.godot/imported/palm_leaf_albedo.png-decd9f3f564d0d8bc52bc50d4846a701.ctex[39m[0m
[  39% ] [90m[1msavepack[22m | Storing File: res://assets/textures/materials/ventura/palm_leaf_albedo.png.import[39m[0m
[  39% ] [90m[1msavepack[22m | Storing File: res://.godot/imported/palm_leaf_normal.png-87e229b57db8162540764cc051a0704f.ctex[39m[0m
[  39% ] [90m[1msavepack[22m | Storing File: res://assets/textures/materials/ventura/palm_leaf_normal.png.import[39m[0m
[  39% ] [90m[1msavepack[22m | Storing File: res://.godot/imported/palm_leaf_orm.png-22cfd22f341b1fc1d123836444453514.ctex[39m[0m
[  39% ] [90m[1msavepack[22m | Storing File: res://assets/textures/materials/ventura/palm_leaf_orm.png.import[39m[0m
[  39% ] [90m[1msavepack[22m | Storing File: res://.godot/imported/salt_steel_albedo.png-4b657bf4459d59f5011471d0f5caf4a4.ctex[39m[0m
[  39% ] [90m[1msavepack[22m | Storing File: res://assets/textures/materials/ventura/salt_steel_albedo.png.import[39m[0m
[  40% ] [90m[1msavepack[22m | Storing File: res://.godot/imported/salt_steel_normal.png-93b814d8942470a1f3419ea2c84d5e47.ctex[39m[0m
[  40% ] [90m[1msavepack[22m | Storing File: res://assets/textures/materials/ventura/salt_steel_normal.png.import[39m[0m
[  40% ] [90m[1msavepack[22m | Storing File: res://.godot/imported/salt_steel_orm.png-4443975f3d08f7a0f009c62aafa393b8.ctex[39m[0m
[  40% ] [90m[1msavepack[22m | Storing File: res://assets/textures/materials/ventura/salt_steel_orm.png.import[39m[0m
[  40% ] [90m[1msavepack[22m | Storing File: res://.godot/imported/sun_bleached_asphalt_albedo.png-da3d85dbdda3a4677f1d7b00da65cc1b.ctex[39m[0m
[  40% ] [90m[1msavepack[22m | Storing File: res://assets/textures/materials/ventura/sun_bleached_asphalt_albedo.png.import[39m[0m
[  40% ] [90m[1msavepack[22m | Storing File: res://.godot/imported/sun_bleached_asphalt_normal.png-83114e8761bf724c668e946a6e293882.ctex[39m[0m
[  40% ] [90m[1msavepack[22m | Storing File: res://assets/textures/materials/ventura/sun_bleached_asphalt_normal.png.import[39m[0m
[  40% ] [90m[1msavepack[22m | Storing File: res://.godot/imported/sun_bleached_asphalt_orm.png-b22926f110c11e635951cb32950f865f.ctex[39m[0m
[  40% ] [90m[1msavepack[22m | Storing File: res://assets/textures/materials/ventura/sun_bleached_asphalt_orm.png.import[39m[0m
[  40% ] [90m[1msavepack[22m | Storing File: res://.godot/imported/timber_pier_albedo.png-d92d70ddaf182c136bcf6d8f13bdaa63.ctex[39m[0m
[  40% ] [90m[1msavepack[22m | Storing File: res://assets/textures/materials/ventura/timber_pier_albedo.png.import[39m[0m
[  40% ] [90m[1msavepack[22m | Storing File: res://.godot/imported/timber_pier_normal.png-fb3b6575d7f2a2b8fcd69f1e43edbe2b.ctex[39m[0m
[  40% ] [90m[1msavepack[22m | Storing File: res://assets/textures/materials/ventura/timber_pier_normal.png.import[39m[0m
[  40% ] [90m[1msavepack[22m | Storing File: res://.godot/imported/timber_pier_orm.png-bd784738658b74e07ce30c574d6f2fc2.ctex[39m[0m
[  40% ] [90m[1msavepack[22m | Storing File: res://assets/textures/materials/ventura/timber_pier_orm.png.import[39m[0m
[  41% ] [90m[1msavepack[22m | Storing File: res://.godot/imported/warm_concrete_albedo.png-8cf61a1b47ef9e98f2f23792c68c983e.ctex[39m[0m
[  41% ] [90m[1msavepack[22m | Storing File: res://assets/textures/materials/ventura/warm_concrete_albedo.png.import[39m[0m
[  41% ] [90m[1msavepack[22m | Storing File: res://.godot/imported/warm_concrete_normal.png-1869814d737da2bf34267471a28384be.ctex[39m[0m
[  41% ] [90m[1msavepack[22m | Storing File: res://assets/textures/materials/ventura/warm_concrete_normal.png.import[39m[0m
[  41% ] [90m[1msavepack[22m | Storing File: res://.godot/imported/warm_concrete_orm.png-92e85cff7a60f1d35ac56847edea3094.ctex[39m[0m
[  41% ] [90m[1msavepack[22m | Storing File: res://assets/textures/materials/ventura/warm_concrete_orm.png.import[39m[0m
[  41% ] [90m[1msavepack[22m | Storing File: res://.godot/imported/weathered_metal_albedo.png-78c43a798fc80073aad9074b934b705b.ctex[39m[0m
[  41% ] [90m[1msavepack[22m | Storing File: res://assets/textures/materials/ventura/weathered_metal_albedo.png.import[39m[0m
[  41% ] [90m[1msavepack[22m | Storing File: res://.godot/imported/weathered_metal_normal.png-357fd90c6dbd1102e16b71ff42cd6217.ctex[39m[0m
[  41% ] [90m[1msavepack[22m | Storing File: res://assets/textures/materials/ventura/weathered_metal_normal.png.import[39m[0m
[  41% ] [90m[1msavepack[22m | Storing File: res://.godot/imported/weathered_metal_orm.png-7c940ed6b8ed766c96eddcf3b82dde85.ctex[39m[0m
[  41% ] [90m[1msavepack[22m | Storing File: res://assets/textures/materials/ventura/weathered_metal_orm.png.import[39m[0m
[  41% ] [90m[1msavepack[22m | Storing File: res://.godot/imported/wet_sand_albedo.png-30550d04ad022b364b1e30d2adc22300.ctex[39m[0m
[  41% ] [90m[1msavepack[22m | Storing File: res://assets/textures/materials/ventura/wet_sand_albedo.png.import[39m[0m
[  41% ] [90m[1msavepack[22m | Storing File: res://.godot/imported/wet_sand_normal.png-abdd0068c59d684d6e7c688bdfd36bc4.ctex[39m[0m
[  41% ] [90m[1msavepack[22m | Storing File: res://assets/textures/materials/ventura/wet_sand_normal.png.import[39m[0m
[  42% ] [90m[1msavepack[22m | Storing File: res://.godot/imported/wet_sand_orm.png-828906b64f2e9b816bc8d47521fabbd0.ctex[39m[0m
[  42% ] [90m[1msavepack[22m | Storing File: res://assets/textures/materials/ventura/wet_sand_orm.png.import[39m[0m
[  42% ] [90m[1msavepack[22m | Storing File: res://.godot/imported/arena_plating.png-0dad215d2c915e2e49b449627a315277.ctex[39m[0m
[  42% ] [90m[1msavepack[22m | Storing File: res://assets/textures/salmon_creek/arena_plating.png.import[39m[0m
[  42% ] [90m[1msavepack[22m | Storing File: res://.godot/imported/lab_panels.png-8a3ac7ff66f18315f807547afd8fcedb.ctex[39m[0m
[  42% ] [90m[1msavepack[22m | Storing File: res://assets/textures/salmon_creek/lab_panels.png.import[39m[0m
[  42% ] [90m[1msavepack[22m | Storing File: res://.godot/imported/utility_concrete.png-04904ddb78ccdd92b1fc15c0581b62eb.ctex[39m[0m
[  42% ] [90m[1msavepack[22m | Storing File: res://assets/textures/salmon_creek/utility_concrete.png.import[39m[0m
[  42% ] [90m[1msavepack[22m | Storing File: res://.godot/imported/wet_turf.png-183d0654d53eeec80bdadde2864f1fa3.ctex[39m[0m
[  42% ] [90m[1msavepack[22m | Storing File: res://assets/textures/salmon_creek/wet_turf.png.import[39m[0m
[  42% ] [90m[1msavepack[22m | Storing File: res://.godot/imported/cobie_critical.png-ca316479297c561797e98de1adf82af2.ctex[39m[0m
[  42% ] [90m[1msavepack[22m | Storing File: res://assets/ui/portraits/cobie_critical.png.import[39m[0m
[  42% ] [90m[1msavepack[22m | Storing File: res://.godot/imported/cobie_healthy.png-a9f2894bc4c992639fc28fd65c4b9491.ctex[39m[0m
[  42% ] [90m[1msavepack[22m | Storing File: res://assets/ui/portraits/cobie_healthy.png.import[39m[0m
[  42% ] [90m[1msavepack[22m | Storing File: res://.godot/imported/alt.svg-fe701815bef10df0f0ed2eae2a4eeec7.ctex[39m[0m
[  42% ] [90m[1msavepack[22m | Storing File: res://assets/ui/touch/alt.svg.import[39m[0m
[  43% ] [90m[1msavepack[22m | Storing File: res://.godot/imported/fire.svg-2fa922f6153fdc3d653ae4c9314a0e10.ctex[39m[0m
[  43% ] [90m[1msavepack[22m | Storing File: res://assets/ui/touch/fire.svg.import[39m[0m
[  43% ] [90m[1msavepack[22m | Storing File: res://.godot/imported/jump.svg-70bcf2421d093957ba323c9d83af953a.ctex[39m[0m
[  43% ] [90m[1msavepack[22m | Storing File: res://assets/ui/touch/jump.svg.import[39m[0m
[  43% ] [90m[1msavepack[22m | Storing File: res://.godot/imported/menu.svg-70553effc744cbfde6114567051efc89.ctex[39m[0m
[  43% ] [90m[1msavepack[22m | Storing File: res://assets/ui/touch/menu.svg.import[39m[0m
[  43% ] [90m[1msavepack[22m | Storing File: res://.godot/imported/next.svg-7458e64506f2b53d6063160d85e36e39.ctex[39m[0m
[  43% ] [90m[1msavepack[22m | Storing File: res://assets/ui/touch/next.svg.import[39m[0m
[  43% ] [90m[1msavepack[22m | Storing File: res://.godot/imported/previous.svg-f2a0f6a68ed147265c14b94d4973e76d.ctex[39m[0m
[  43% ] [90m[1msavepack[22m | Storing File: res://assets/ui/touch/previous.svg.import[39m[0m
[  43% ] [90m[1msavepack[22m | Storing File: res://.godot/imported/reload.svg-55447ca49abd5b706030b01e41e59cae.ctex[39m[0m
[  43% ] [90m[1msavepack[22m | Storing File: res://assets/ui/touch/reload.svg.import[39m[0m
[  43% ] [90m[1msavepack[22m | Storing File: res://.godot/imported/use.svg-4b2f8cc1b7ea08304b7f12c28100f676.ctex[39m[0m
[  43% ] [90m[1msavepack[22m | Storing File: res://assets/ui/touch/use.svg.import[39m[0m
[  44% ] [90m[1msavepack[22m | Storing File: res://.godot/exported/133200997/export-3706b5daf4d22a14c6d704ff6795e634-mission_audio_library.res[39m[0m
[  44% ] [90m[1msavepack[22m | Storing File: res://.godot/exported/133200997/export-883d3a78f7b6f88a1c1811e81df97d16-moon_mission_audio.res[39m[0m
[  44% ] [90m[1msavepack[22m | Storing File: res://.godot/exported/133200997/export-00f42fe0b228951c7b011833a77b589d-mount_hood_mission_audio.res[39m[0m
[  44% ] [90m[1msavepack[22m | Storing File: res://.godot/exported/133200997/export-19e9bfe86ef18898762fe44581745177-production_audio_library.res[39m[0m
[  44% ] [90m[1msavepack[22m | Storing File: res://.godot/exported/133200997/export-fea523ca32116455231d7acab4771b73-salmon_mission_audio.res[39m[0m
[  44% ] [90m[1msavepack[22m | Storing File: res://.godot/exported/133200997/export-2c44295305d09cf2c814218cf1a9ab79-vancouver_mission_audio.res[39m[0m
[  44% ] [90m[1msavepack[22m | Storing File: res://.godot/exported/133200997/export-c9a8ecffa367b44247b458fb526aaa2c-ventura_mission_audio.res[39m[0m
[  44% ] [90m[1msavepack[22m | Storing File: res://.godot/exported/133200997/export-542057d0b81ba60647ff742b869f8d48-auto_aim_classic.res[39m[0m
[  45% ] [90m[1msavepack[22m | Storing File: res://.godot/exported/133200997/export-e3c24291a98d715889fe07d66a1b19ad-moon_profile.res[39m[0m
[  45% ] [90m[1msavepack[22m | Storing File: res://.godot/exported/133200997/export-5cac145d5f0c28040506edd3e4de8ee0-ventura_profile.res[39m[0m
[  45% ] [90m[1msavepack[22m | Storing File: res://.godot/exported/133200997/export-a7c0b20da161d9dd91ec4ea9651e3a16-episode_one.res[39m[0m
[  45% ] [90m[1msavepack[22m | Storing File: res://.godot/exported/133200997/export-ce749a434a6f35463908899645fd0d4f-episode_one_progression.res[39m[0m
[  45% ] [90m[1msavepack[22m | Storing File: res://.godot/exported/133200997/export-524c74aa781771505f408cc4fee87939-moon_manifest.res[39m[0m
[  45% ] [90m[1msavepack[22m | Storing File: res://.godot/exported/133200997/export-5620902323483a823a3b84d8232fcd38-mount_hood_manifest.res[39m[0m
[  45% ] [90m[1msavepack[22m | Storing File: res://.godot/exported/133200997/export-cc6d8f291c53edacb45b89f856fe1fa1-salmon_creek_manifest.res[39m[0m
[  45% ] [90m[1msavepack[22m | Storing File: res://.godot/exported/133200997/export-0fdbf4dd3322b496ff8d7b754ba14c56-vancouver_waterfront_manifest.res[39m[0m
[  46% ] [90m[1msavepack[22m | Storing File: res://.godot/exported/133200997/export-7f70ec4acae70d016ba67856bc89f7c3-ventura_manifest.res[39m[0m
[  46% ] [90m[1msavepack[22m | Storing File: res://.godot/exported/133200997/export-60a629354fa27f0be32ea9f08a93172a-classic.res[39m[0m
[  46% ] [90m[1msavepack[22m | Storing File: res://.godot/exported/133200997/export-7eeb02374452c347c521f4b92e72ace1-mayhem.res[39m[0m
[  46% ] [90m[1msavepack[22m | Storing File: res://.godot/exported/133200997/export-ce135660bf40ee9b089c56e4079d51a6-story.res[39m[0m
[  46% ] [90m[1msavepack[22m | Storing File: res://.godot/exported/133200997/export-3057e03325d92b198aafe25a3b33dbbe-vancouver_downtown_alley_profile.res[39m[0m
[  46% ] [90m[1msavepack[22m | Storing File: res://.godot/exported/133200997/export-08eeb1767da2a4232eb81e43b32fe035-vancouver_harbour_pier_profile.res[39m[0m
[  46% ] [90m[1msavepack[22m | Storing File: res://.godot/exported/133200997/export-254e5943d02b55bdc4138540911b2269-vancouver_ruse_block_profile.res[39m[0m
[  46% ] [90m[1msavepack[22m | Storing File: res://.godot/exported/133200997/export-2ef07975cc6d2cba78c689afc752a1a0-vancouver_terminal_service_profile.res[39m[0m
[  47% ] [90m[1msavepack[22m | Storing File: res://.godot/exported/133200997/export-5c7df28850ac375fd6f4204146e0e972-vancouver_waterfront_seawall_profile.res[39m[0m
[  47% ] [90m[1msavepack[22m | Storing File: res://.godot/exported/133200997/export-7236149f67aa099323f49e3bb49ad7f6-moon_crater_trench.res[39m[0m
[  47% ] [90m[1msavepack[22m | Storing File: res://.godot/exported/133200997/export-615666ea873d89981a9d0f253e7ab192-moon_habitat_lab.res[39m[0m
[  47% ] [90m[1msavepack[22m | Storing File: res://.godot/exported/133200997/export-99ac0dfd4fb64549e793f35bea52f5b3-moon_landing_pad.res[39m[0m
[  47% ] [90m[1msavepack[22m | Storing File: res://.godot/exported/133200997/export-dbf0913090df43aff9926c7ff3791bd2-moon_leashmaster_crater.res[39m[0m
[  47% ] [90m[1msavepack[22m | Storing File: res://.godot/exported/133200997/export-4cfea738220bb7da808c45632bb30daf-moon_satellite_array.res[39m[0m
[  47% ] [90m[1msavepack[22m | Storing File: res://.godot/exported/133200997/export-1f180748293960f157ab345725a003bf-mount_hood_forest_pullout.res[39m[0m
[  47% ] [90m[1msavepack[22m | Storing File: res://.godot/exported/133200997/export-cc582925df9bfa8935e3e259179dff8e-mount_hood_mountain_road.res[39m[0m
[  48% ] [90m[1msavepack[22m | Storing File: res://.godot/exported/133200997/export-98ffb4f4d37bf6443811505f36c1e7a0-mount_hood_service_tunnels.res[39m[0m
[  48% ] [90m[1msavepack[22m | Storing File: res://.godot/exported/133200997/export-863718bc9efc6496d9b558bf806e239f-mount_hood_snowbound_lodge.res[39m[0m
[  48% ] [90m[1msavepack[22m | Storing File: res://.godot/exported/133200997/export-f6798587d74c7b2952c3bfea535fe4f8-mount_hood_summit.res[39m[0m
[  48% ] [90m[1msavepack[22m | Storing File: res://.godot/exported/133200997/export-2956aa0a59198088c9d0b77753449344-salmon_equipment_shed.res[39m[0m
[  48% ] [90m[1msavepack[22m | Storing File: res://.godot/exported/133200997/export-47f69abf1e78eecf6da1732ffc6dc4f7-salmon_forbidden_field.res[39m[0m
[  48% ] [90m[1msavepack[22m | Storing File: res://.godot/exported/133200997/export-397d629efef95576f8f42eece03d2c88-salmon_lab.res[39m[0m
[  48% ] [90m[1msavepack[22m | Storing File: res://.godot/exported/133200997/export-b6e3a8131f5057b611a51cc8212b24c2-salmon_tunnels.res[39m[0m
[  48% ] [90m[1msavepack[22m | Storing File: res://.godot/exported/133200997/export-ffcb39567c6f956d722a8d5a1fae8066-salmon_walker.res[39m[0m
[  49% ] [90m[1msavepack[22m | Storing File: res://.godot/exported/133200997/export-23f5c46c365475990b01e7af2e971753-salmon_walker_pacing.res[39m[0m
[  49% ] [90m[1msavepack[22m | Storing File: res://.godot/exported/133200997/export-95344f15900d7f6339d42d9156d708f1-vancouver_downtown_alley.res[39m[0m
[  49% ] [90m[1msavepack[22m | Storing File: res://.godot/exported/133200997/export-7dfe671a356267c7ea597cd152c1b997-vancouver_harbour_pier.res[39m[0m
[  49% ] [90m[1msavepack[22m | Storing File: res://.godot/exported/133200997/export-a4d8862565f7b0d0d79902d5af3422a2-vancouver_ruse_block.res[39m[0m
[  49% ] [90m[1msavepack[22m | Storing File: res://.godot/exported/133200997/export-b6c63e8785309c9d769ce1e1d43feb8b-vancouver_terminal_service.res[39m[0m
[  49% ] [90m[1msavepack[22m | Storing File: res://.godot/exported/133200997/export-2d70de07e27f05b63505b44b5c5eabfd-vancouver_waterfront_seawall.res[39m[0m
[  49% ] [90m[1msavepack[22m | Storing File: res://.godot/exported/133200997/export-ff3c49dc95eef00ef596b4532178d6bb-ventura_downtown_service_lane.res[39m[0m
[  50% ] [90m[1msavepack[22m | Storing File: res://.godot/exported/133200997/export-2968e4f02178420cd3fdbd52eb1a1c01-ventura_marina_service_docks.res[39m[0m
[  50% ] [90m[1msavepack[22m | Storing File: res://.godot/exported/133200997/export-0ec4c556f3c34d91db34e0e96d4604d0-ventura_offshore_platform.res[39m[0m
[  50% ] [90m[1msavepack[22m | Storing File: res://.godot/exported/133200997/export-5a0b7da87d6df512dd3cd65e24f7f9fe-ventura_surfers_point.res[39m[0m
[  50% ] [90m[1msavepack[22m | Storing File: res://.godot/exported/133200997/export-951c7e05539743f3a4dd58c176fe8342-ventura_ventura_pier.res[39m[0m
[  50% ] [90m[1msavepack[22m | Storing File: res://.godot/exported/133200997/export-ae5066dc532dc6dc82a17436f658108f-animal_control_walker.res[39m[0m
[  50% ] [90m[1msavepack[22m | Storing File: res://.godot/exported/133200997/export-ba4f1f1f9fe9131107bb88c32fdd0efd-animal_control_walker_presentation.res[39m[0m
[  50% ] [90m[1msavepack[22m | Storing File: res://.godot/exported/133200997/export-85ff83fe7e173a0414439fdfa2b055d0-avalanche_recon_drone.res[39m[0m
[  50% ] [90m[1msavepack[22m | Storing File: res://.godot/exported/133200997/export-e2dac9e260a6c535e35c9180bb09f545-beach_patrol_enforcer.res[39m[0m
[  51% ] [90m[1msavepack[22m | Storing File: res://.godot/exported/133200997/export-43fdd294ed4e26e3be088df92baaba31-citation_pelican.res[39m[0m
[  51% ] [90m[1msavepack[22m | Storing File: res://.godot/exported/133200997/export-6a394ca25b5c5bd330a4d26a84588b54-compliance_gull.res[39m[0m
[  51% ] [90m[1msavepack[22m | Storing File: res://.godot/exported/133200997/export-dbaaa7d9a29740d418744b45c7962768-compliance_hound.res[39m[0m
[  51% ] [90m[1msavepack[22m | Storing File: res://.godot/exported/133200997/export-835d646f4766a0c9e7d3d8c889202d5a-compliance_hound_presentation.res[39m[0m
[  51% ] [90m[1msavepack[22m | Storing File: res://.godot/exported/133200997/export-5ccbc577a53cfcb31e27bcaf024aee9d-leash_enforcement_drone.res[39m[0m
[  51% ] [90m[1msavepack[22m | Storing File: res://.godot/exported/133200997/export-e0843fe6fee179d3afaac636fc17ae94-lunar_kennel_sentinel.res[39m[0m
[  51% ] [90m[1msavepack[22m | Storing File: res://.godot/exported/133200997/export-7677a07fe9481a5be34d8b0a913ff476-lunar_leashmaster.res[39m[0m
[  51% ] [90m[1msavepack[22m | Storing File: res://.godot/exported/133200997/export-07b8587b31967cf9553f761100c60b9e-municipal_snowcat.res[39m[0m
[  52% ] [90m[1msavepack[22m | Storing File: res://.godot/exported/133200997/export-186d797fc184ab94653951b843e34365-mutant_groundskeeper.res[39m[0m
[  52% ] [90m[1msavepack[22m | Storing File: res://.godot/exported/133200997/export-6dffc49d87d5c81e8da6e0e32d66a012-reaction_boss.res[39m[0m
[  52% ] [90m[1msavepack[22m | Storing File: res://.godot/exported/133200997/export-df5aeacf78c5c11d774cae2c66f5a099-reaction_heavy.res[39m[0m
[  52% ] [90m[1msavepack[22m | Storing File: res://.godot/exported/133200997/export-966e8230195df0bcfab2c02b46b72ffa-reaction_light.res[39m[0m
[  52% ] [90m[1msavepack[22m | Storing File: res://.godot/exported/133200997/export-a73b11ff16912441831ddc5d79610d43-ski_patrol_ranger.res[39m[0m
[  52% ] [90m[1msavepack[22m | Storing File: res://.godot/exported/133200997/export-fcc65299a727f9f262eeacc0888f1b90-snowcat_combat_profile.res[39m[0m
[  52% ] [90m[1msavepack[22m | Storing File: res://.godot/exported/133200997/export-c196003b2271c2ba6ca7063fa5bc7de4-squirrel_trooper.res[39m[0m
[  52% ] [90m[1msavepack[22m | Storing File: res://.godot/exported/133200997/export-8bceca5733884c8ea1c82bc551af6e63-umbrella_shield_enforcer.res[39m[0m
[  53% ] [90m[1msavepack[22m | Storing File: res://.godot/exported/133200997/export-052eae632fb4457a8dcb503f4f3f1c9a-umbrella_shield_enforcer_presentation.res[39m[0m
[  53% ] [90m[1msavepack[22m | Storing File: res://.godot/exported/133200997/export-49c208c078147522e4c696a16f1d1786-vacuum_compliance_orb.res[39m[0m
[  53% ] [90m[1msavepack[22m | Storing File: res://.godot/exported/133200997/export-2c468c90a9f1032a382822b19b1ed9ec-ventura_tidebreaker.res[39m[0m
[  53% ] [90m[1msavepack[22m | Storing File: res://.godot/exported/133200997/export-4a08b2175a5f858eb5a336b42b9723c7-walker_combat_profile.res[39m[0m
[  53% ] [90m[1msavepack[22m | Storing File: res://.godot/exported/133200997/export-817eb9bb853d806bf10bbf6ff93b7442-classic_1996.res[39m[0m
[  53% ] [90m[1msavepack[22m | Storing File: res://.godot/exported/133200997/export-1612a4ac1c678261cda76a3233c6f115-generic_gamepad.res[39m[0m
[  53% ] [90m[1msavepack[22m | Storing File: res://.godot/exported/133200997/export-45d182eb8ff5a4a39986f88d8e79c127-hybrid.res[39m[0m
[  53% ] [90m[1msavepack[22m | Storing File: res://.godot/exported/133200997/export-d5f69940a5b1e4cafe6410e8e806f342-keyboard_mouse.res[39m[0m
[  54% ] [90m[1msavepack[22m | Storing File: res://.godot/exported/133200997/export-8f3f7b8e189c38a35029fdc128473723-salmon_creek_interactions.res[39m[0m
[  54% ] [90m[1msavepack[22m | Storing File: res://.godot/exported/133200997/export-cc01c19e1ed5030065f24afb3a19d354-vancouver_waterfront_interactions.res[39m[0m
[  54% ] [90m[1msavepack[22m | Storing File: res://.godot/exported/133200997/export-d2572eb5ccc53278fce8b9daa1d38a5f-dark_side_fetch.res[39m[0m
[  54% ] [90m[1msavepack[22m | Storing File: res://.godot/exported/133200997/export-ba7be7412b28dad415efa56b6844d46d-episode_1_level_1.res[39m[0m
[  54% ] [90m[1msavepack[22m | Storing File: res://.godot/exported/133200997/export-9de0db3b58fa9bf99e76b5b69d0caa52-episode_1_vancouver_waterfront.res[39m[0m
[  54% ] [90m[1msavepack[22m | Storing File: res://.godot/exported/133200997/export-7feeffdb454146b63571a87f4b7c5e1b-moon_card.res[39m[0m
[  54% ] [90m[1msavepack[22m | Storing File: res://.godot/exported/133200997/export-15a9092b02c407b9f329392f0af41fb8-moon_warmup.res[39m[0m
[  54% ] [90m[1msavepack[22m | Storing File: res://.godot/exported/133200997/export-2f4c965339eeb9ea8f0957c76e0e6d9b-mountain_card.res[39m[0m
[  55% ] [90m[1msavepack[22m | Storing File: res://.godot/exported/133200997/export-3888fa121824183da86d357282f960f8-mount_hood_warmup.res[39m[0m
[  55% ] [90m[1msavepack[22m | Storing File: res://.godot/exported/133200997/export-7ebcd8b99821853fc527f8d49c8cc22b-mount_hood_whiteout.res[39m[0m
[  55% ] [90m[1msavepack[22m | Storing File: res://.godot/exported/133200997/export-b4dd4ecec7a9584eecc4dbc801815c25-rain_city_card.res[39m[0m
[  55% ] [90m[1msavepack[22m | Storing File: res://.godot/exported/133200997/export-6448b6ae531ecb031701d589dd0d8fa4-rain_city_warmup.res[39m[0m
[  55% ] [90m[1msavepack[22m | Storing File: res://.godot/exported/133200997/export-9b44391e9de197f9bed8fd6593734912-salmon_creek_card.res[39m[0m
[  55% ] [90m[1msavepack[22m | Storing File: res://.godot/exported/133200997/export-72ae18f4e04df5512dc226126fd2a757-salmon_creek_warmup.res[39m[0m
[  55% ] [90m[1msavepack[22m | Storing File: res://.godot/exported/133200997/export-36a46251b8f889f5afa714802afbcd30-ventura_card.res[39m[0m
[  55% ] [90m[1msavepack[22m | Storing File: res://.godot/exported/133200997/export-13c3f785ca4e237d5189ed2120536667-ventura_pier_pressure.res[39m[0m
[  56% ] [90m[1msavepack[22m | Storing File: res://.godot/exported/133200997/export-a31a52e4e630589da420852c370ea417-ventura_warmup.res[39m[0m
[  56% ] [90m[1msavepack[22m | Storing File: res://.godot/exported/133200997/export-bb12c946231596c0808c5b9078e56769-moon_loadout.res[39m[0m
[  56% ] [90m[1msavepack[22m | Storing File: res://.godot/exported/133200997/export-f7b3f22ed65ba0d345bd9862517a9fd9-mount_hood_loadout.res[39m[0m
[  56% ] [90m[1msavepack[22m | Storing File: res://.godot/exported/133200997/export-754f80f673653afb02d5ec44636d269a-salmon_creek_loadout.res[39m[0m
[  56% ] [90m[1msavepack[22m | Storing File: res://.godot/exported/133200997/export-c62665580e7f5540cb727e883e4613b4-vancouver_waterfront_loadout.res[39m[0m
[  56% ] [90m[1msavepack[22m | Storing File: res://.godot/exported/133200997/export-ae139e2828735e40e45c6f0adbf2d773-ventura_loadout.res[39m[0m
[  56% ] [90m[1msavepack[22m | Storing File: res://.godot/exported/133200997/export-a1edfd08bd7ca4160cf57e33f4d3db75-moon_complete_mission.res[39m[0m
[  57% ] [90m[1msavepack[22m | Storing File: res://.godot/exported/133200997/export-8827f695177a997477fe234e3ff32cc6-moon_defeat_leashmaster.res[39m[0m
[  57% ] [90m[1msavepack[22m | Storing File: res://.godot/exported/133200997/export-87c89d94b38d29376843e9d5222aac54-moon_reach_landing_pad.res[39m[0m
[  57% ] [90m[1msavepack[22m | Storing File: res://.godot/exported/133200997/export-bdccba33cf432d72d273d71185191d0e-moon_restore_airlock.res[39m[0m
[  57% ] [90m[1msavepack[22m | Storing File: res://.godot/exported/133200997/export-38799c856eec998afc606e9e9d54fb31-moon_silence_satellite_array.res[39m[0m
[  57% ] [90m[1msavepack[22m | Storing File: res://.godot/exported/133200997/export-0644911516cb6ee12763a1309fea4f6c-moon_stabilize_crater_relay.res[39m[0m
[  57% ] [90m[1msavepack[22m | Storing File: res://.godot/exported/133200997/export-03580a4f5133a5e2195541be40e979de-mount_hood_complete_mount_hood.res[39m[0m
[  57% ] [90m[1msavepack[22m | Storing File: res://.godot/exported/133200997/export-f450296c5ea7d08a7f68480798ca738e-mount_hood_defeat_snowcat.res[39m[0m
[  57% ] [90m[1msavepack[22m | Storing File: res://.godot/exported/133200997/export-1d10fcf00724a2d70fb2127bd97707f3-mount_hood_disable_summit_relay.res[39m[0m
[  58% ] [90m[1msavepack[22m | Storing File: res://.godot/exported/133200997/export-d2638aceafeba42e6f7e601e7659e293-mount_hood_reach_lodge.res[39m[0m
[  58% ] [90m[1msavepack[22m | Storing File: res://.godot/exported/133200997/export-3c589d8878bb2c2a826bb32e44b2bfb3-mount_hood_restart_chairlift.res[39m[0m
[  58% ] [90m[1msavepack[22m | Storing File: res://.godot/exported/133200997/export-fc0e8ec46c0f0163f4d42330e375e3b7-mount_hood_restore_lodge_power.res[39m[0m
[  58% ] [90m[1msavepack[22m | Storing File: res://.godot/exported/133200997/export-36fb7c8308d73318eac24eef70035dca-salmon_defeat_walker.res[39m[0m
[  58% ] [90m[1msavepack[22m | Storing File: res://.godot/exported/133200997/export-9198bc20fdf488eb1f369b5219efa838-salmon_fetch_ball.res[39m[0m
[  58% ] [90m[1msavepack[22m | Storing File: res://.godot/exported/133200997/export-102b7e52fc523cd738f86c8c236434e0-salmon_reach_lab.res[39m[0m
[  58% ] [90m[1msavepack[22m | Storing File: res://.godot/exported/133200997/export-e200123e7ff619b20bc311ea2870f9e8-salmon_release_walker.res[39m[0m
[  58% ] [90m[1msavepack[22m | Storing File: res://.godot/exported/133200997/export-6c9a0688625c679f7648e0190bea1b75-vancouver_harbour_pier.res[39m[0m
[  59% ] [90m[1msavepack[22m | Storing File: res://.godot/exported/133200997/export-92792f89b3ee950d81b5cf26771000e7-vancouver_reach_waterfront.res[39m[0m
[  59% ] [90m[1msavepack[22m | Storing File: res://.godot/exported/133200997/export-a103840e9fdd180419880a342fc5959e-vancouver_restore_terminal.res[39m[0m
[  59% ] [90m[1msavepack[22m | Storing File: res://.godot/exported/133200997/export-60c6df34b35008291cd65a70ca92feb3-vancouver_stop_convoy.res[39m[0m
[  59% ] [90m[1msavepack[22m | Storing File: res://.godot/exported/133200997/export-32eb68ffecd69312d442481c773bbcda-ventura_complete_ventura_pier_pressure.res[39m[0m
[  59% ] [90m[1msavepack[22m | Storing File: res://.godot/exported/133200997/export-79f2ed738345b354bf090be4fd0c7a04-ventura_defeat_ventura_tidebreaker.res[39m[0m
[  59% ] [90m[1msavepack[22m | Storing File: res://.godot/exported/133200997/export-165f066aa466c0752ff9dfdf14ebb1ba-ventura_marina_grid_controls.res[39m[0m
[  59% ] [90m[1msavepack[22m | Storing File: res://.godot/exported/133200997/export-142511f67425de3f8d7eac26d06d2205-ventura_reach_service_lane.res[39m[0m
[  59% ] [90m[1msavepack[22m | Storing File: res://.godot/exported/133200997/export-6ad50026ad4be0af4def50f56f2224b8-ventura_reach_surfers_point.res[39m[0m
[  60% ] [90m[1msavepack[22m | Storing File: res://.godot/exported/133200997/export-dcd6253b666f107ee043ec73fae378c1-ventura_service_permit_booth.res[39m[0m
[  60% ] [90m[1msavepack[22m | Storing File: res://.godot/exported/133200997/export-ab68d5ffc3909483019be3dc6f4a611b-access_collar.res[39m[0m
[  60% ] [90m[1msavepack[22m | Storing File: res://.godot/exported/133200997/export-ff7d67d6e9365b16711f057360bce058-barkshot_weapon.res[39m[0m
[  60% ] [90m[1msavepack[22m | Storing File: res://.godot/exported/133200997/export-c946f316fc31bb8088ffdcdc75f6eb00-fetch_launcher_weapon.res[39m[0m
[  60% ] [90m[1msavepack[22m | Storing File: res://.godot/exported/133200997/export-bf8af49d338849ce14308bd8b1dcb3bd-golden_tag.res[39m[0m
[  60% ] [90m[1msavepack[22m | Storing File: res://.godot/exported/133200997/export-acc5af8aa3a0c5b16c861206cfce6d68-leather_padding.res[39m[0m
[  60% ] [90m[1msavepack[22m | Storing File: res://.godot/exported/133200997/export-e54e1e555dd7d126298082e79d36a5ed-premium_treat.res[39m[0m
[  60% ] [90m[1msavepack[22m | Storing File: res://.godot/exported/133200997/export-2e593f5e66543be5a75719e130f34f3f-shells.res[39m[0m
[  61% ] [90m[1msavepack[22m | Storing File: res://.godot/exported/133200997/export-96fe81ae8e86f30165532a4d94570fce-squeaker.res[39m[0m
[  61% ] [90m[1msavepack[22m | Storing File: res://.godot/exported/133200997/export-333c6c30868cfcf8db3f75dc0c9a5a19-tennis_balls.res[39m[0m
[  61% ] [90m[1msavepack[22m | Storing File: res://.godot/exported/133200997/export-1330c4e9746ccf660704b6ec03e62bd8-treat.res[39m[0m
[  61% ] [90m[1msavepack[22m | Storing File: res://.godot/exported/133200997/export-5d4a17ca7dbefbfb51c32815a22af919-water_bowl.res[39m[0m
[  61% ] [90m[1msavepack[22m | Storing File: res://.godot/exported/133200997/export-4b0b452c523a5925583f342aaabc50d1-zoomies.res[39m[0m
[  61% ] [90m[1msavepack[22m | Storing File: res://.godot/exported/133200997/export-f699766c396d75ce33686bbcb133346e-classic_feel.res[39m[0m
[  61% ] [90m[1msavepack[22m | Storing File: res://.godot/exported/133200997/export-a1f11181fb456704660a73e2f531cb37-lunar_movement.res[39m[0m
[  61% ] [90m[1msavepack[22m | Storing File: res://.godot/exported/133200997/export-21d1be115f65a367962c49632901d71e-surface_ice_slush.res[39m[0m
[  62% ] [90m[1msavepack[22m | Storing File: res://.godot/exported/133200997/export-51187472bee95a671537edee1f9ba98c-surface_packed_snow.res[39m[0m
[  62% ] [90m[1msavepack[22m | Storing File: res://.godot/exported/133200997/export-94a467717fee4058f00947d6157e85e8-surface_powder.res[39m[0m
[  62% ] [90m[1msavepack[22m | Storing File: res://.godot/exported/133200997/export-1a7b0e153d0bd3d9a448f2b7f0456472-touch_aim_balanced.res[39m[0m
[  62% ] [90m[1msavepack[22m | Storing File: res://.godot/exported/133200997/export-55ad8595c56147b452d9dc6289ee7f35-touch_aim_fast.res[39m[0m
[  62% ] [90m[1msavepack[22m | Storing File: res://.godot/exported/133200997/export-96fe4396a84040668fa851d67e2ac39c-touch_aim_precision.res[39m[0m
[  62% ] [90m[1msavepack[22m | Storing File: res://.godot/exported/133200997/export-d820f1501356b193cef565688a20c4cf-moon_crater_trench.res[39m[0m
[  62% ] [90m[1msavepack[22m | Storing File: res://.godot/exported/133200997/export-ffece408f3df3643122900c449b480e7-moon_habitat_lab.res[39m[0m
[  63% ] [90m[1msavepack[22m | Storing File: res://.godot/exported/133200997/export-d086182dd1517c82d19790a5a895a81f-moon_landing_pad.res[39m[0m
[  63% ] [90m[1msavepack[22m | Storing File: res://.godot/exported/133200997/export-c1f74a773d244518294c7240a4d44089-moon_leashmaster_crater.res[39m[0m
[  63% ] [90m[1msavepack[22m | Storing File: res://.godot/exported/133200997/export-6eb64e0e959e0c55ecde1df0816b0b1a-moon_satellite_array.res[39m[0m
[  63% ] [90m[1msavepack[22m | Storing File: res://.godot/exported/133200997/export-f9f6031a13e4edd6afe740e413019245-mount_hood_forest_pullout.res[39m[0m
[  63% ] [90m[1msavepack[22m | Storing File: res://.godot/exported/133200997/export-f350403876feac055ce7fe57dd7ac37e-mount_hood_mountain_road.res[39m[0m
[  63% ] [90m[1msavepack[22m | Storing File: res://.godot/exported/133200997/export-1fce54422a385a770886aed9b106acef-mount_hood_service_tunnels.res[39m[0m
[  63% ] [90m[1msavepack[22m | Storing File: res://.godot/exported/133200997/export-8201015e776ece6a8618de0c3a1e7c86-mount_hood_snowbound_lodge.res[39m[0m
[  63% ] [90m[1msavepack[22m | Storing File: res://.godot/exported/133200997/export-cb6669647b65dbcd06b8850d843a8414-mount_hood_summit.res[39m[0m
[  64% ] [90m[1msavepack[22m | Storing File: res://.godot/exported/133200997/export-4559f8e8771689bf197437293b61b44a-vancouver_downtown_presentation.res[39m[0m
[  64% ] [90m[1msavepack[22m | Storing File: res://.godot/exported/133200997/export-eb73c834fa8d8deab7dcd4ac08affb66-vancouver_harbour_presentation.res[39m[0m
[  64% ] [90m[1msavepack[22m | Storing File: res://.godot/exported/133200997/export-5602fae9ae70444297296c1aa84cdb0a-vancouver_rain_city_slice_presentation.res[39m[0m
[  64% ] [90m[1msavepack[22m | Storing File: res://.godot/exported/133200997/export-b2b3a775e4abd04b7602208834ab2b4c-vancouver_terminal_presentation.res[39m[0m
[  64% ] [90m[1msavepack[22m | Storing File: res://.godot/exported/133200997/export-d0cbac581924e179bda005a18bbc6a72-vancouver_waterfront_presentation.res[39m[0m
[  64% ] [90m[1msavepack[22m | Storing File: res://.godot/exported/133200997/export-1955beba41806c3d84be0dc3aacd7be6-ventura_downtown_service_lane.res[39m[0m
[  64% ] [90m[1msavepack[22m | Storing File: res://.godot/exported/133200997/export-bed8b07d42c67d2335f792cb7661745d-ventura_marina_service_docks.res[39m[0m
[  64% ] [90m[1msavepack[22m | Storing File: res://.godot/exported/133200997/export-3e91623c2d542e30baa74e269938540b-ventura_offshore_platform.res[39m[0m
[  65% ] [90m[1msavepack[22m | Storing File: res://.godot/exported/133200997/export-2a076cc00407f83280afc382a3d3e6f3-ventura_surfers_point.res[39m[0m
[  65% ] [90m[1msavepack[22m | Storing File: res://.godot/exported/133200997/export-08c430b2ad0f5ac7b8f59f49f60f6894-ventura_ventura_pier.res[39m[0m
[  65% ] [90m[1msavepack[22m | Storing File: res://.godot/exported/133200997/export-78a85116f2d7e3b3ff92c3d5a31bbbd6-rain_city_mini_balls.res[39m[0m
[  65% ] [90m[1msavepack[22m | Storing File: res://.godot/exported/133200997/export-35b0202b0796906abebf3ef7c3a6e423-salmon_creek_mini_balls.res[39m[0m
[  65% ] [90m[1msavepack[22m | Storing File: res://.godot/exported/133200997/export-5496351ef15d7af9de55fedbdc041ab8-native_enhanced.res[39m[0m
[  65% ] [90m[1msavepack[22m | Storing File: res://.godot/exported/133200997/export-f70292fdab35dcd5c6be57f56c8bd9bc-web_ipad.res[39m[0m
[  65% ] [90m[1msavepack[22m | Storing File: res://.godot/exported/133200997/export-4994f7f85f35997d284e15ab56169793-moon_route_definition.res[39m[0m
[  65% ] [90m[1msavepack[22m | Storing File: res://.godot/exported/133200997/export-556c8923a9bd3264bd87f5e137dc9fcd-mount_hood_route_definition.res[39m[0m
[  66% ] [90m[1msavepack[22m | Storing File: res://.godot/exported/133200997/export-15e30b79ff28bae5f42851480884c9d3-vancouver_route_definition.res[39m[0m
[  66% ] [90m[1msavepack[22m | Storing File: res://.godot/exported/133200997/export-de5e2204782f4b21b1029055bde74cf9-ventura_route_definition.res[39m[0m
[  66% ] [90m[1msavepack[22m | Storing File: res://.godot/exported/133200997/export-bc6abf080703a3e244bdf220fdfdde11-appeal_denied.res[39m[0m
[  66% ] [90m[1msavepack[22m | Storing File: res://.godot/exported/133200997/export-ae33ac6ce358cb5a9dfaeb39bbf560da-appeal_filed.res[39m[0m
[  66% ] [90m[1msavepack[22m | Storing File: res://.godot/exported/133200997/export-dccbdca2155f24e7f5efa9ec1798fe75-case_closed.res[39m[0m
[  66% ] [90m[1msavepack[22m | Storing File: res://.godot/exported/133200997/export-9b0db9e18849e3dd79f69a2ba6e184c6-final_notice.res[39m[0m
[  66% ] [90m[1msavepack[22m | Storing File: res://.godot/exported/133200997/export-44516bbee7186b82c4f13c5c0f8e57a3-towmaster_combat_profile.res[39m[0m
[  66% ] [90m[1msavepack[22m | Storing File: res://.godot/exported/133200997/export-28cac41a6f8f5bdee433a1ef7399be1c-vancouver_citation_convoy.res[39m[0m
[  66% ] [90m[1msavepack[22m | Storing File: res://.godot/exported/133200997/export-2d122ec10b1600c6b5e51f5f1fab4cd9-retro_theme.res[39m[0m
[  66% ] [90m[1msavepack[22m | Storing File: res://.godot/exported/133200997/export-68a43c366901c82aa87d4dccfff4f1f9-barkshot.res[39m[0m
[  66% ] [90m[1msavepack[22m | Storing File: res://.godot/exported/133200997/export-1c1f133c766c8d3908b8de2b91012d79-barkshot_feel.res[39m[0m
[  66% ] [90m[1msavepack[22m | Storing File: res://.godot/exported/133200997/export-2de358ec44d41746e8565150afb88af9-fetch_launcher.res[39m[0m
[  66% ] [90m[1msavepack[22m | Storing File: res://.godot/exported/133200997/export-a8a7e0d747753a493351e2c6ac67db69-fetch_launcher_feel.res[39m[0m
[  66% ] [90m[1msavepack[22m | Storing File: res://.godot/exported/133200997/export-9fad573530156f4b4f8b1d80b51d772a-pawstol.res[39m[0m
[  66% ] [90m[1msavepack[22m | Storing File: res://.godot/exported/133200997/export-d8291b06810db7158651f70e15b02ef8-pawstol_feel.res[39m[0m
[  66% ] [90m[1msavepack[22m | Storing File: res://.godot/exported/133200997/export-b9a7aa257e6e7f4363cf6ab9707171b0-boot.scn[39m[0m
[  67% ] [90m[1msavepack[22m | Storing File: res://scenes/debug/input_diagnostics.gdc[39m[0m
[  67% ] [90m[1msavepack[22m | Storing File: res://.godot/exported/133200997/export-83784f30f0a97f68dc69a1ad19225e87-input_diagnostics.scn[39m[0m
[  67% ] [90m[1msavepack[22m | Storing File: res://scripts/ui/victory_screen.gdc[39m[0m
[  67% ] [90m[1msavepack[22m | Storing File: res://scripts/ui/retro_overlay.gdc[39m[0m
[  67% ] [90m[1msavepack[22m | Storing File: res://.godot/exported/133200997/export-19246414aa9fb561ced4b8dce477acec-default_bus_layout.res[39m[0m
[  67% ] [90m[1msavepack[22m | Storing File: res://scripts/ui/title_screen.gdc[39m[0m
[  67% ] [90m[1msavepack[22m | Storing File: res://.godot/exported/133200997/export-550510e78982323f3bec8d12f2530ac2-wcb008l_rain_city_run.scn[39m[0m
[  68% ] [90m[1msavepack[22m | Storing File: res://.godot/exported/133200997/export-b92705f69afef3d755d5b8279b600508-animal_control_walker.scn[39m[0m
[  68% ] [90m[1msavepack[22m | Storing File: res://.godot/exported/133200997/export-fe759ace1f819d3d9805ca4d44cbb2d8-avalanche_recon_drone.scn[39m[0m
[  68% ] [90m[1msavepack[22m | Storing File: res://.godot/exported/133200997/export-7772feb7a01a17be7f827d113bcc6694-beach_patrol_enforcer.scn[39m[0m
[  68% ] [90m[1msavepack[22m | Storing File: res://.godot/exported/133200997/export-ef9a622731548e69b6da70b921bb62cf-citation_pelican.scn[39m[0m
[  68% ] [90m[1msavepack[22m | Storing File: res://.godot/exported/133200997/export-8198979cf213a0da3b9456c6eba7965c-compliance_gull.scn[39m[0m
[  68% ] [90m[1msavepack[22m | Storing File: res://.godot/exported/133200997/export-907b976d4e50fa48ccc7d4c70aa7e93e-compliance_hound.scn[39m[0m
[  68% ] [90m[1msavepack[22m | Storing File: res://.godot/exported/133200997/export-79bce522bfbc428c8214b641266d6c0e-enemy_bolt.scn[39m[0m
[  68% ] [90m[1msavepack[22m | Storing File: res://.godot/exported/133200997/export-b5ed9b851bc4773975bf21c6ab3c3466-explosive_acorn.scn[39m[0m
[  69% ] [90m[1msavepack[22m | Storing File: res://.godot/exported/133200997/export-2ff2f50e37ccddaf64cbe0001b9bf0c8-leash_enforcement_drone.scn[39m[0m
[  69% ] [90m[1msavepack[22m | Storing File: res://.godot/exported/133200997/export-fb19a75fece78c759ae5564085a563df-lunar_kennel_sentinel.scn[39m[0m
[  69% ] [90m[1msavepack[22m | Storing File: res://.godot/exported/133200997/export-f005024ef8b3aa04514a32333b81dfd9-lunar_leashmaster.scn[39m[0m
[  69% ] [90m[1msavepack[22m | Storing File: res://.godot/exported/133200997/export-20d4b8f0c50c3e5d35fe44b8a776777c-municipal_snowcat.scn[39m[0m
[  69% ] [90m[1msavepack[22m | Storing File: res://.godot/exported/133200997/export-c2c5d72ce8c7eaab26d5b9ba99623ab4-mutant_groundskeeper.scn[39m[0m
[  69% ] [90m[1msavepack[22m | Storing File: res://.godot/exported/133200997/export-391e6efcde3ce9012c35a5766a1e3ede-ski_patrol_ranger.scn[39m[0m
[  69% ] [90m[1msavepack[22m | Storing File: res://.godot/exported/133200997/export-b5de7c92a84c6cf85980a343799704ed-squirrel_trooper.scn[39m[0m
[  69% ] [90m[1msavepack[22m | Storing File: res://.godot/exported/133200997/export-5ba2d073132b508494df7533a140b058-umbrella_shield_enforcer.scn[39m[0m
[  70% ] [90m[1msavepack[22m | Storing File: res://.godot/exported/133200997/export-1dd2170fcf0052bba25bb907bd1211a1-vacuum_compliance_orb.scn[39m[0m
[  70% ] [90m[1msavepack[22m | Storing File: res://.godot/exported/133200997/export-0966a4dc848f53d35d3989d9988550a1-ventura_tidebreaker.scn[39m[0m
[  70% ] [90m[1msavepack[22m | Storing File: res://.godot/exported/133200997/export-7ac9d55aad0731b25fecac70b53e44fe-ball_return_secret.scn[39m[0m
[  70% ] [90m[1msavepack[22m | Storing File: res://.godot/exported/133200997/export-84ff90eb5c7da0f6cc5e54cf9ba04e0d-breakable_secret_wall.scn[39m[0m
[  70% ] [90m[1msavepack[22m | Storing File: res://.godot/exported/133200997/export-956dbeddc07cf145db382d38597228af-golden_ball_finale.scn[39m[0m
[  70% ] [90m[1msavepack[22m | Storing File: res://.godot/exported/133200997/export-68396b8cccd9fa980fba8da0de508233-level_checkpoint.scn[39m[0m
[  70% ] [90m[1msavepack[22m | Storing File: res://.godot/exported/133200997/export-4aad7df6a030a5cfaa45d05e49dd69dd-level_door.scn[39m[0m
[  70% ] [90m[1msavepack[22m | Storing File: res://.godot/exported/133200997/export-da793423ddb7d6447dd07b46c6a652a6-level_switch.scn[39m[0m
[  71% ] [90m[1msavepack[22m | Storing File: res://.godot/exported/133200997/export-630de560224dfc4a9a4579f005d0e7bb-narrative_sign.scn[39m[0m
[  71% ] [90m[1msavepack[22m | Storing File: res://.godot/exported/133200997/export-05ada17a8bc19a73c35d9c9d672c7088-world_interaction.scn[39m[0m
[  71% ] [90m[1msavepack[22m | Storing File: res://.godot/exported/133200997/export-8cddb51d9bcdb8951e07a432416f74b8-zone_trigger.scn[39m[0m
[  71% ] [90m[1msavepack[22m | Storing File: res://.godot/exported/133200997/export-aa180854ac4fb56c05af599164ac4d18-rain_city_gameplay_layout.scn[39m[0m
[  71% ] [90m[1msavepack[22m | Storing File: res://.godot/exported/133200997/export-ad833e1e0a628a7d9039835742747af0-rain_city_presentation.scn[39m[0m
[  71% ] [90m[1msavepack[22m | Storing File: res://.godot/exported/133200997/export-66779779af824dfa67165ac039790685-dark_side_fetch.scn[39m[0m
[  71% ] [90m[1msavepack[22m | Storing File: res://.godot/exported/133200997/export-1144129beebffd6a6bd758bd3643c1f1-episode_1_level_1.scn[39m[0m
[  71% ] [90m[1msavepack[22m | Storing File: res://.godot/exported/133200997/export-b45f271468066c7b930c6153e7f770e1-episode_1_vancouver_waterfront.scn[39m[0m
[  72% ] [90m[1msavepack[22m | Storing File: res://.godot/exported/133200997/export-2e0bf8fb10244763544a6d4a499f14f1-mount_hood_whiteout.scn[39m[0m
[  72% ] [90m[1msavepack[22m | Storing File: res://.godot/exported/133200997/export-f8441afc0b449344334ccac668709d67-vancouver_waterfront_graybox.scn[39m[0m
[  72% ] [90m[1msavepack[22m | Storing File: res://.godot/exported/133200997/export-eef6a56e44f511e402864218aa6900dc-ventura_pier_pressure.scn[39m[0m
[  72% ] [90m[1msavepack[22m | Storing File: res://.godot/exported/133200997/export-e1f24802ffe9d7c23ff0e786d1059468-credits.scn[39m[0m
[  72% ] [90m[1msavepack[22m | Storing File: res://.godot/exported/133200997/export-379934ec68960948bb5914b75fa3e93b-doghouse_hub.scn[39m[0m
[  72% ] [90m[1msavepack[22m | Storing File: res://.godot/exported/133200997/export-9bb2391b1c7125a157f77e4a6e6e6a07-level_select.scn[39m[0m
[  72% ] [90m[1msavepack[22m | Storing File: res://.godot/exported/133200997/export-f47f7d670953862d9d781ab785fd547c-main_menu.scn[39m[0m
[  72% ] [90m[1msavepack[22m | Storing File: res://.godot/exported/133200997/export-493f90f3fb28eefb0a20512e246dd5b6-options_menu.scn[39m[0m
[  73% ] [90m[1msavepack[22m | Storing File: res://.godot/exported/133200997/export-5b74744818499ea2dcedc41602548cde-title_screen.scn[39m[0m
[  73% ] [90m[1msavepack[22m | Storing File: res://.godot/exported/133200997/export-e0efcf47e976b1144c862b3533a8c3ee-access_collar.scn[39m[0m
[  73% ] [90m[1msavepack[22m | Storing File: res://.godot/exported/133200997/export-406b2fa4f279c923d6021b3533fe76d9-barkshot_weapon.scn[39m[0m
[  73% ] [90m[1msavepack[22m | Storing File: res://.godot/exported/133200997/export-4d17e3e6c9302702ada962144b057619-fetch_launcher_weapon.scn[39m[0m
[  73% ] [90m[1msavepack[22m | Storing File: res://.godot/exported/133200997/export-9725c099b78d559c834e7f225553fa8e-golden_tag.scn[39m[0m
[  73% ] [90m[1msavepack[22m | Storing File: res://.godot/exported/133200997/export-6fa7d75774f2e177b9fb42464cf2e3b9-leather_padding.scn[39m[0m
[  73% ] [90m[1msavepack[22m | Storing File: res://.godot/exported/133200997/export-339d675175cf6fe492f303b4000aa86b-pickup_base.scn[39m[0m
[  74% ] [90m[1msavepack[22m | Storing File: res://.godot/exported/133200997/export-d5b846dc5c1b8d6d5a3e3bc3dda0547b-premium_treat.scn[39m[0m
[  74% ] [90m[1msavepack[22m | Storing File: res://.godot/exported/133200997/export-757c2cde1f220ec5376fbb1c23cb9df8-shells.scn[39m[0m
[  74% ] [90m[1msavepack[22m | Storing File: res://.godot/exported/133200997/export-eef31f7f12982d1472ee0f2de705b0cf-squeaker.scn[39m[0m
[  74% ] [90m[1msavepack[22m | Storing File: res://.godot/exported/133200997/export-23efbf882eb76b46f81bddecaf60d6dc-tennis_balls.scn[39m[0m
[  74% ] [90m[1msavepack[22m | Storing File: res://.godot/exported/133200997/export-b3f1fdb7dab2a6cee81a914cda2fbfd6-treat.scn[39m[0m
[  74% ] [90m[1msavepack[22m | Storing File: res://.godot/exported/133200997/export-f2e2fc6fb363b66b32b030e4b8cb78ad-water_bowl.scn[39m[0m
[  74% ] [90m[1msavepack[22m | Storing File: res://.godot/exported/133200997/export-d12c60f80f347256a7b7b39d2bc7dd40-zoomies.scn[39m[0m
[  74% ] [90m[1msavepack[22m | Storing File: res://.godot/exported/133200997/export-af3180028bc3e8682d120c3cc33288de-cobie_player.scn[39m[0m
[  75% ] [90m[1msavepack[22m | Storing File: res://.godot/exported/133200997/export-0820112edbba5cc90ba367296a5640a6-citation_convoy.scn[39m[0m
[  75% ] [90m[1msavepack[22m | Storing File: res://.godot/exported/133200997/export-a83d9d2cf7931644e009301333b032fd-combat_audio_bridge.scn[39m[0m
[  75% ] [90m[1msavepack[22m | Storing File: res://.godot/exported/133200997/export-be141c6a00f314be906c0495b1235c9a-death_screen.scn[39m[0m
[  75% ] [90m[1msavepack[22m | Storing File: res://.godot/exported/133200997/export-45852e7db2261c9d0ab500e8bd022a9c-end_rank_screen.scn[39m[0m
[  75% ] [90m[1msavepack[22m | Storing File: res://.godot/exported/133200997/export-f26fe175837e58804f1c48b99041ac16-hud.scn[39m[0m
[  75% ] [90m[1msavepack[22m | Storing File: res://.godot/exported/133200997/export-378a315f0412969bc660e4b15f95c274-mobile_controls.scn[39m[0m
[  75% ] [90m[1msavepack[22m | Storing File: res://.godot/exported/133200997/export-14114c379f76b1c04097459e2387a1e6-pause_menu.scn[39m[0m
[  75% ] [90m[1msavepack[22m | Storing File: res://.godot/exported/133200997/export-dafaff606e168cda6d91d61d8192e70a-playtest_report.scn[39m[0m
[  76% ] [90m[1msavepack[22m | Storing File: res://.godot/exported/133200997/export-4bc8791f7863b917699c1ef91e39aa39-retro_overlay.scn[39m[0m
[  76% ] [90m[1msavepack[22m | Storing File: res://.godot/exported/133200997/export-db536e82e7d4aa4cfaea1eb1dcfdce06-victory_screen.scn[39m[0m
[  76% ] [90m[1msavepack[22m | Storing File: res://.godot/exported/133200997/export-e0140870fc7fde4d17caea085584961b-weapon_overlay.scn[39m[0m
[  76% ] [90m[1msavepack[22m | Storing File: res://.godot/exported/133200997/export-df3a7c43d2ecf2eb819eb319cd40730f-barkshot.scn[39m[0m
[  76% ] [90m[1msavepack[22m | Storing File: res://.godot/exported/133200997/export-51b096f45e7decc5fb55f96ffc8f9907-fetch_launcher.scn[39m[0m
[  76% ] [90m[1msavepack[22m | Storing File: res://.godot/exported/133200997/export-e77575860ef65a9080df888144284ef3-fetch_projectile.scn[39m[0m
[  76% ] [90m[1msavepack[22m | Storing File: res://.godot/exported/133200997/export-eadd4ea51fe318f3ea5292a06590e597-pawstol.scn[39m[0m
[  76% ] [90m[1msavepack[22m | Storing File: res://scripts/ai/animal_control_walker.gdc[39m[0m
[  77% ] [90m[1msavepack[22m | Storing File: res://scripts/ai/compliance_gull.gdc[39m[0m
[  77% ] [90m[1msavepack[22m | Storing File: res://scripts/ai/compliance_hound.gdc[39m[0m
[  77% ] [90m[1msavepack[22m | Storing File: res://scripts/ai/directional_shield_component.gdc[39m[0m
[  77% ] [90m[1msavepack[22m | Storing File: res://scripts/ai/enemy_agent.gdc[39m[0m
[  77% ] [90m[1msavepack[22m | Storing File: res://scripts/ai/enemy_attack_query.gdc[39m[0m
[  77% ] [90m[1msavepack[22m | Storing File: res://scripts/ai/enemy_death_effect.gdc[39m[0m
[  77% ] [90m[1msavepack[22m | Storing File: res://scripts/ai/enemy_definition.gdc[39m[0m
[  77% ] [90m[1msavepack[22m | Storing File: res://scripts/ai/enemy_ground_recovery.gdc[39m[0m
[  78% ] [90m[1msavepack[22m | Storing File: res://scripts/ai/enemy_navigation_recovery.gdc[39m[0m
[  78% ] [90m[1msavepack[22m | Storing File: res://scripts/ai/enemy_navigator.gdc[39m[0m
[  78% ] [90m[1msavepack[22m | Storing File: res://scripts/ai/enemy_presentation_profile.gdc[39m[0m
[  78% ] [90m[1msavepack[22m | Storing File: res://scripts/ai/enemy_projectile.gdc[39m[0m
[  78% ] [90m[1msavepack[22m | Storing File: res://scripts/ai/enemy_sprite_presentation.gdc[39m[0m
[  78% ] [90m[1msavepack[22m | Storing File: res://scripts/ai/leash_enforcement_drone.gdc[39m[0m
[  78% ] [90m[1msavepack[22m | Storing File: res://scripts/ai/municipal_snowcat.gdc[39m[0m
[  78% ] [90m[1msavepack[22m | Storing File: res://scripts/ai/mutant_groundskeeper.gdc[39m[0m
[  79% ] [90m[1msavepack[22m | Storing File: res://scripts/ai/ski_patrol_ranger.gdc[39m[0m
[  79% ] [90m[1msavepack[22m | Storing File: res://scripts/ai/squirrel_trooper.gdc[39m[0m
[  79% ] [90m[1msavepack[22m | Storing File: res://scripts/ai/umbrella_shield_enforcer.gdc[39m[0m
[  79% ] [90m[1msavepack[22m | Storing File: res://scripts/ai/walker_combat_profile.gdc[39m[0m
[  79% ] [90m[1msavepack[22m | Storing File: res://scripts/ai/walker_defeat_effect.gdc[39m[0m
[  79% ] [90m[1msavepack[22m | Storing File: res://scripts/audio/audio_cue_library.gdc[39m[0m
[  79% ] [90m[1msavepack[22m | Storing File: res://scripts/audio/audio_cue_set.gdc[39m[0m
[  79% ] [90m[1msavepack[22m | Storing File: res://scripts/audio/mission_audio_director.gdc[39m[0m
[  80% ] [90m[1msavepack[22m | Storing File: res://scripts/audio/sample_audio_emitter.gdc[39m[0m
[  80% ] [90m[1msavepack[22m | Storing File: res://scripts/combat/auto_aim_tuning.gdc[39m[0m
[  80% ] [90m[1msavepack[22m | Storing File: res://scripts/combat/barkshot.gdc[39m[0m
[  80% ] [90m[1msavepack[22m | Storing File: res://scripts/combat/combat_feedback_event.gdc[39m[0m
[  80% ] [90m[1msavepack[22m | Storing File: res://scripts/combat/damage_reaction_profile.gdc[39m[0m
[  80% ] [90m[1msavepack[22m | Storing File: res://scripts/combat/fetch_launcher.gdc[39m[0m
[  80% ] [90m[1msavepack[22m | Storing File: res://scripts/combat/fetch_projectile.gdc[39m[0m
[  81% ] [90m[1msavepack[22m | Storing File: res://scripts/combat/impact_effect_pool.gdc[39m[0m
[  81% ] [90m[1msavepack[22m | Storing File: res://scripts/combat/pawstol.gdc[39m[0m
[  81% ] [90m[1msavepack[22m | Storing File: res://scripts/combat/pickup.gdc[39m[0m
[  81% ] [90m[1msavepack[22m | Storing File: res://scripts/combat/pickup_definition.gdc[39m[0m
[  81% ] [90m[1msavepack[22m | Storing File: res://scripts/combat/surface_response.gdc[39m[0m
[  81% ] [90m[1msavepack[22m | Storing File: res://scripts/combat/weapon_base.gdc[39m[0m
[  81% ] [90m[1msavepack[22m | Storing File: res://scripts/combat/weapon_definition.gdc[39m[0m
[  81% ] [90m[1msavepack[22m | Storing File: res://scripts/combat/weapon_feel_profile.gdc[39m[0m
[  82% ] [90m[1msavepack[22m | Storing File: res://scripts/core/contracts/damage_packet.gdc[39m[0m
[  82% ] [90m[1msavepack[22m | Storing File: res://scripts/core/contracts/interactable.gdc[39m[0m
[  82% ] [90m[1msavepack[22m | Storing File: res://scripts/core/audio_manager.gdc[39m[0m
[  82% ] [90m[1msavepack[22m | Storing File: res://scripts/core/boot.gdc[39m[0m
[  82% ] [90m[1msavepack[22m | Storing File: res://scripts/core/build_info.gdc[39m[0m
[  82% ] [90m[1msavepack[22m | Storing File: res://scripts/core/campaign_backup_codec.gdc[39m[0m
[  82% ] [90m[1msavepack[22m | Storing File: res://scripts/core/campaign_progress_payload.gdc[39m[0m
[  82% ] [90m[1msavepack[22m | Storing File: res://scripts/core/campaign_progress_runtime.gdc[39m[0m
[  83% ] [90m[1msavepack[22m | Storing File: res://scripts/core/checkpoint_payload.gdc[39m[0m
[  83% ] [90m[1msavepack[22m | Storing File: res://scripts/core/debug_log.gdc[39m[0m
[  83% ] [90m[1msavepack[22m | Storing File: res://scripts/core/game_state.gdc[39m[0m
[  83% ] [90m[1msavepack[22m | Storing File: res://scripts/core/input_manager.gdc[39m[0m
[  83% ] [90m[1msavepack[22m | Storing File: res://scripts/core/mission_pack_definition.gdc[39m[0m
[  83% ] [90m[1msavepack[22m | Storing File: res://scripts/core/mission_pack_loader.gdc[39m[0m
[  83% ] [90m[1msavepack[22m | Storing File: res://scripts/core/projectile_pool.gdc[39m[0m
[  83% ] [90m[1msavepack[22m | Storing File: res://scripts/core/quality_manager.gdc[39m[0m
[  84% ] [90m[1msavepack[22m | Storing File: res://scripts/core/quality_profile.gdc[39m[0m
[  84% ] [90m[1msavepack[22m | Storing File: res://scripts/core/runtime_pipeline_prewarmer.gdc[39m[0m
[  84% ] [90m[1msavepack[22m | Storing File: res://scripts/core/save_manager.gdc[39m[0m
[  84% ] [90m[1msavepack[22m | Storing File: res://scripts/core/scene_router.gdc[39m[0m
[  84% ] [90m[1msavepack[22m | Storing File: res://scripts/core/settings_manager.gdc[39m[0m
[  84% ] [90m[1msavepack[22m | Storing File: res://scripts/core/world_registry.gdc[39m[0m
[  84% ] [90m[1msavepack[22m | Storing File: res://scripts/ui/playtest_report.gdc[39m[0m
[  84% ] [90m[1msavepack[22m | Storing File: res://scripts/ui/pause_menu.gdc[39m[0m
[  85% ] [90m[1msavepack[22m | Storing File: res://scripts/debug/wcb008l_rain_city_run.gdc[39m[0m
[  85% ] [90m[1msavepack[22m | Storing File: res://scripts/gameplay/environment/lethal_water_volume.gdc[39m[0m
[  85% ] [90m[1msavepack[22m | Storing File: res://scripts/gameplay/environment/timed_hazard_definition.gdc[39m[0m
[  85% ] [90m[1msavepack[22m | Storing File: res://scripts/gameplay/environment/timed_hazard_runtime.gdc[39m[0m
[  85% ] [90m[1msavepack[22m | Storing File: res://scripts/gameplay/biome_mission_profile.gdc[39m[0m
[  85% ] [90m[1msavepack[22m | Storing File: res://scripts/gameplay/combat_pressure_director.gdc[39m[0m
[  85% ] [90m[1msavepack[22m | Storing File: res://scripts/gameplay/compliance_tag_token.gdc[39m[0m
[  85% ] [90m[1msavepack[22m | Storing File: res://scripts/gameplay/content_manifest.gdc[39m[0m
[  86% ] [90m[1msavepack[22m | Storing File: res://scripts/gameplay/cosmetic_applicator.gdc[39m[0m
[  86% ] [90m[1msavepack[22m | Storing File: res://scripts/gameplay/cosmetic_reward_definition.gdc[39m[0m
[  86% ] [90m[1msavepack[22m | Storing File: res://scripts/gameplay/difficulty_profile.gdc[39m[0m
[  86% ] [90m[1msavepack[22m | Storing File: res://scripts/gameplay/encounter_choreography_profile.gdc[39m[0m
[  86% ] [90m[1msavepack[22m | Storing File: res://scripts/gameplay/encounter_definition.gdc[39m[0m
[  86% ] [90m[1msavepack[22m | Storing File: res://scripts/gameplay/encounter_runner.gdc[39m[0m
[  86% ] [90m[1msavepack[22m | Storing File: res://scripts/gameplay/episode_definition.gdc[39m[0m
[  87% ] [90m[1msavepack[22m | Storing File: res://scripts/gameplay/episode_progression_catalog.gdc[39m[0m
[  87% ] [90m[1msavepack[22m | Storing File: res://scripts/gameplay/interaction_catalog.gdc[39m[0m
[  87% ] [90m[1msavepack[22m | Storing File: res://scripts/gameplay/interaction_placement.gdc[39m[0m
[  87% ] [90m[1msavepack[22m | Storing File: res://scripts/gameplay/mini_ball_collectible.gdc[39m[0m
[  87% ] [90m[1msavepack[22m | Storing File: res://scripts/gameplay/mini_ball_mission_definition.gdc[39m[0m
[  87% ] [90m[1msavepack[22m | Storing File: res://scripts/gameplay/mission_audio_profile.gdc[39m[0m
[  87% ] [90m[1msavepack[22m | Storing File: res://scripts/gameplay/mission_collectible_runtime.gdc[39m[0m
[  87% ] [90m[1msavepack[22m | Storing File: res://scripts/gameplay/mission_enemy_cue_router.gdc[39m[0m
[  88% ] [90m[1msavepack[22m | Storing File: res://scripts/gameplay/mission_interaction_runtime.gdc[39m[0m
[  88% ] [90m[1msavepack[22m | Storing File: res://scripts/gameplay/mission_loadout_profile.gdc[39m[0m
[  88% ] [90m[1msavepack[22m | Storing File: res://scripts/gameplay/mission_presentation.gdc[39m[0m
[  88% ] [90m[1msavepack[22m | Storing File: res://scripts/gameplay/mission_progression_profile.gdc[39m[0m
[  88% ] [90m[1msavepack[22m | Storing File: res://scripts/gameplay/mission_route_definition.gdc[39m[0m
[  88% ] [90m[1msavepack[22m | Storing File: res://scripts/gameplay/mission_route_runtime.gdc[39m[0m
[  88% ] [90m[1msavepack[22m | Storing File: res://scripts/gameplay/mission_route_zone.gdc[39m[0m
[  88% ] [90m[1msavepack[22m | Storing File: res://scripts/gameplay/mission_runtime.gdc[39m[0m
[  89% ] [90m[1msavepack[22m | Storing File: res://scripts/gameplay/mission_runtime_assembly.gdc[39m[0m
[  89% ] [90m[1msavepack[22m | Storing File: res://scripts/gameplay/mission_spawn_registry.gdc[39m[0m
[  89% ] [90m[1msavepack[22m | Storing File: res://scripts/gameplay/moving_set_piece_definition.gdc[39m[0m
[  89% ] [90m[1msavepack[22m | Storing File: res://scripts/gameplay/moving_set_piece_encounter_coordinator.gdc[39m[0m
[  89% ] [90m[1msavepack[22m | Storing File: res://scripts/gameplay/moving_set_piece_path.gdc[39m[0m
[  89% ] [90m[1msavepack[22m | Storing File: res://scripts/gameplay/moving_set_piece_phase_definition.gdc[39m[0m
[  89% ] [90m[1msavepack[22m | Storing File: res://scripts/gameplay/moving_set_piece_phase_state.gdc[39m[0m
[  89% ] [90m[1msavepack[22m | Storing File: res://scripts/gameplay/moving_set_piece_runtime.gdc[39m[0m
[  90% ] [90m[1msavepack[22m | Storing File: res://scripts/gameplay/objective_definition.gdc[39m[0m
[  90% ] [90m[1msavepack[22m | Storing File: res://scripts/gameplay/objective_tracker.gdc[39m[0m
[  90% ] [90m[1msavepack[22m | Storing File: res://scripts/gameplay/phased_module_actor.gdc[39m[0m
[  90% ] [90m[1msavepack[22m | Storing File: res://scripts/gameplay/progression_challenge_definition.gdc[39m[0m
[  90% ] [90m[1msavepack[22m | Storing File: res://scripts/gameplay/progression_challenge_evaluator.gdc[39m[0m
[  90% ] [90m[1msavepack[22m | Storing File: res://scripts/gameplay/run_result_calculator.gdc[39m[0m
[  90% ] [90m[1msavepack[22m | Storing File: res://scripts/gameplay/weapon_mod_applicator.gdc[39m[0m
[  90% ] [90m[1msavepack[22m | Storing File: res://scripts/gameplay/weapon_mod_definition.gdc[39m[0m
[  91% ] [90m[1msavepack[22m | Storing File: res://scripts/gameplay/world_interaction_definition.gdc[39m[0m
[  91% ] [90m[1msavepack[22m | Storing File: res://scripts/gameplay/zone_presentation_profile.gdc[39m[0m
[  91% ] [90m[1msavepack[22m | Storing File: res://scripts/input/input_axis_event_latch.gdc[39m[0m
[  91% ] [90m[1msavepack[22m | Storing File: res://scripts/input/input_manager_service.gdc[39m[0m
[  91% ] [90m[1msavepack[22m | Storing File: res://scripts/input/input_math.gdc[39m[0m
[  91% ] [90m[1msavepack[22m | Storing File: res://scripts/input/input_profile.gdc[39m[0m
[  91% ] [90m[1msavepack[22m | Storing File: res://scripts/input/player_input_adapter.gdc[39m[0m
[  91% ] [90m[1msavepack[22m | Storing File: res://scripts/input/pointer_capture_controller.gdc[39m[0m
[  92% ] [90m[1msavepack[22m | Storing File: res://scripts/level/authored_world_sign.gdc[39m[0m
[  92% ] [90m[1msavepack[22m | Storing File: res://scripts/level/ball_return_secret.gdc[39m[0m
[  92% ] [90m[1msavepack[22m | Storing File: res://scripts/level/biome_mission_controller.gdc[39m[0m
[  92% ] [90m[1msavepack[22m | Storing File: res://scripts/level/biome_mission_world_builder.gdc[39m[0m
[  92% ] [90m[1msavepack[22m | Storing File: res://scripts/level/biome_presentation_material_applier.gdc[39m[0m
[  92% ] [90m[1msavepack[22m | Storing File: res://scripts/level/breakable_secret_wall.gdc[39m[0m
[  92% ] [90m[1msavepack[22m | Storing File: res://scripts/level/citation_convoy_actor.gdc[39m[0m
[  93% ] [90m[1msavepack[22m | Storing File: res://scripts/level/episode_1_level_1.gdc[39m[0m
[  93% ] [90m[1msavepack[22m | Storing File: res://scripts/level/episode_1_vancouver_waterfront.gdc[39m[0m
[  93% ] [90m[1msavepack[22m | Storing File: res://scripts/level/golden_ball_finale.gdc[39m[0m
[  93% ] [90m[1msavepack[22m | Storing File: res://scripts/level/level_checkpoint.gdc[39m[0m
[  93% ] [90m[1msavepack[22m | Storing File: res://scripts/level/level_door.gdc[39m[0m
[  93% ] [90m[1msavepack[22m | Storing File: res://scripts/level/level_metadata.gdc[39m[0m
[  93% ] [90m[1msavepack[22m | Storing File: res://scripts/level/level_switch.gdc[39m[0m
[  93% ] [90m[1msavepack[22m | Storing File: res://scripts/level/mount_hood_chairlift.gdc[39m[0m
[  94% ] [90m[1msavepack[22m | Storing File: res://scripts/ui/procedural_audio.gdc[39m[0m
[  94% ] [90m[1msavepack[22m | Storing File: res://scripts/level/mount_hood_whiteout.gdc[39m[0m
[  94% ] [90m[1msavepack[22m | Storing File: res://scripts/level/mount_hood_world_builder.gdc[39m[0m
[  94% ] [90m[1msavepack[22m | Storing File: res://scripts/level/narrative_sign.gdc[39m[0m
[  94% ] [90m[1msavepack[22m | Storing File: res://scripts/level/rain_city_checkpoint_state.gdc[39m[0m
[  94% ] [90m[1msavepack[22m | Storing File: res://scripts/level/rain_city_completion_flow.gdc[39m[0m
[  94% ] [90m[1msavepack[22m | Storing File: res://scripts/level/rain_city_convoy_presentation.gdc[39m[0m
[  94% ] [90m[1msavepack[22m | Storing File: res://scripts/level/rain_city_material_applier.gdc[39m[0m
[  95% ] [90m[1msavepack[22m | Storing File: res://scripts/level/rain_city_mission_assembly.gdc[39m[0m
[  95% ] [90m[1msavepack[22m | Storing File: res://scripts/level/rain_city_secret_policy.gdc[39m[0m
[  95% ] [90m[1msavepack[22m | Storing File: res://scripts/level/rain_city_spatial_route_builder.gdc[39m[0m
[  95% ] [90m[1msavepack[22m | Storing File: res://scripts/level/salmon_creek_boss_runtime.gdc[39m[0m
[  95% ] [90m[1msavepack[22m | Storing File: res://scripts/level/salmon_creek_environment_kit.gdc[39m[0m
[  95% ] [90m[1msavepack[22m | Storing File: res://scripts/level/salmon_creek_pacing_profile.gdc[39m[0m
[  95% ] [90m[1msavepack[22m | Storing File: res://scripts/level/salmon_creek_world_builder.gdc[39m[0m
[  95% ] [90m[1msavepack[22m | Storing File: res://scripts/level/towmaster_attack_definition.gdc[39m[0m
[  96% ] [90m[1msavepack[22m | Storing File: res://scripts/level/towmaster_combat_geometry.gdc[39m[0m
[  96% ] [90m[1msavepack[22m | Storing File: res://scripts/level/towmaster_combat_profile.gdc[39m[0m
[  96% ] [90m[1msavepack[22m | Storing File: res://scripts/level/towmaster_hazard_visual.gdc[39m[0m
[  96% ] [90m[1msavepack[22m | Storing File: res://scripts/level/towmaster_phase_combat_definition.gdc[39m[0m
[  96% ] [90m[1msavepack[22m | Storing File: res://scripts/level/vancouver_waterfront_world_builder.gdc[39m[0m
[  96% ] [90m[1msavepack[22m | Storing File: res://scripts/level/world_interaction.gdc[39m[0m
[  96% ] [90m[1msavepack[22m | Storing File: res://scripts/level/zone_trigger.gdc[39m[0m
[  96% ] [90m[1msavepack[22m | Storing File: res://scripts/player/auto_aim_component.gdc[39m[0m
[  97% ] [90m[1msavepack[22m | Storing File: res://scripts/player/health_armor.gdc[39m[0m
[  97% ] [90m[1msavepack[22m | Storing File: res://scripts/player/mission_loadout_applicator.gdc[39m[0m
[  97% ] [90m[1msavepack[22m | Storing File: res://scripts/player/movement_environment_profile.gdc[39m[0m
[  97% ] [90m[1msavepack[22m | Storing File: res://scripts/player/player_controller.gdc[39m[0m
[  97% ] [90m[1msavepack[22m | Storing File: res://scripts/player/player_feel_profile.gdc[39m[0m
[  97% ] [90m[1msavepack[22m | Storing File: res://scripts/player/player_impact_effects.gdc[39m[0m
[  97% ] [90m[1msavepack[22m | Storing File: res://scripts/player/player_interaction_resolver.gdc[39m[0m
[  97% ] [90m[1msavepack[22m | Storing File: res://scripts/player/player_runtime_settings.gdc[39m[0m
[  98% ] [90m[1msavepack[22m | Storing File: res://scripts/player/surface_movement_profile.gdc[39m[0m
[  98% ] [90m[1msavepack[22m | Storing File: res://scripts/player/tactile_feedback.gdc[39m[0m
[  98% ] [90m[1msavepack[22m | Storing File: res://scripts/player/touch_aim_profile.gdc[39m[0m
[  98% ] [90m[1msavepack[22m | Storing File: res://scripts/player/touch_aim_runtime.gdc[39m[0m
[  98% ] [90m[1msavepack[22m | Storing File: res://scripts/ui/cobie_portrait.gdc[39m[0m
[  98% ] [90m[1msavepack[22m | Storing File: res://scripts/ui/combat_audio_bridge.gdc[39m[0m
[  98% ] [90m[1msavepack[22m | Storing File: res://scripts/ui/credits.gdc[39m[0m
[  98% ] [90m[1msavepack[22m | Storing File: res://assets/materials/moon/airlock_steel.tres.remap[39m[0m
[  98% ] [90m[1msavepack[22m | Storing File: res://assets/materials/moon/antenna_scaffold.tres.remap[39m[0m
[  98% ] [90m[1msavepack[22m | Storing File: res://assets/materials/moon/crater_basalt.tres.remap[39m[0m
[  98% ] [90m[1msavepack[22m | Storing File: res://assets/materials/moon/cryo_glass.tres.remap[39m[0m
[  98% ] [90m[1msavepack[22m | Storing File: res://assets/materials/moon/earth_landmark.tres.remap[39m[0m
[  98% ] [90m[1msavepack[22m | Storing File: res://assets/materials/moon/habitat_panels.tres.remap[39m[0m
[  98% ] [90m[1msavepack[22m | Storing File: res://assets/materials/moon/habitat_warm_windows.tres.remap[39m[0m
[  98% ] [90m[1msavepack[22m | Storing File: res://assets/materials/moon/ice_glaze.tres.remap[39m[0m
[  98% ] [90m[1msavepack[22m | Storing File: res://assets/materials/moon/insulated_floor.tres.remap[39m[0m
[  98% ] [90m[1msavepack[22m | Storing File: res://assets/materials/moon/regolith.tres.remap[39m[0m
[  98% ] [90m[1msavepack[22m | Storing File: res://assets/materials/moon/safety_lines.tres.remap[39m[0m
[  98% ] [90m[1msavepack[22m | Storing File: res://assets/materials/moon/solar_panels.tres.remap[39m[0m
[  98% ] [90m[1msavepack[22m | Storing File: res://assets/materials/mount_hood/exposed_rock.tres.remap[39m[0m
[  98% ] [90m[1msavepack[22m | Storing File: res://assets/materials/mount_hood/fresh_powder.tres.remap[39m[0m
[  98% ] [90m[1msavepack[22m | Storing File: res://assets/materials/mount_hood/frosted_glass.tres.remap[39m[0m
[  98% ] [90m[1msavepack[22m | Storing File: res://assets/materials/mount_hood/icy_slush.tres.remap[39m[0m
[  98% ] [90m[1msavepack[22m | Storing File: res://assets/materials/mount_hood/lift_steel.tres.remap[39m[0m
[  98% ] [90m[1msavepack[22m | Storing File: res://assets/materials/mount_hood/lodge_stone.tres.remap[39m[0m
[  98% ] [90m[1msavepack[22m | Storing File: res://assets/materials/mount_hood/lodge_timber.tres.remap[39m[0m
[  98% ] [90m[1msavepack[22m | Storing File: res://assets/materials/mount_hood/packed_snow.tres.remap[39m[0m
[  98% ] [90m[1msavepack[22m | Storing File: res://assets/materials/mount_hood/plowed_asphalt.tres.remap[39m[0m
[  98% ] [90m[1msavepack[22m | Storing File: res://assets/materials/mount_hood/warm_windows.tres.remap[39m[0m
[  98% ] [90m[1msavepack[22m | Storing File: res://assets/materials/rain_city/glass_panels.tres.remap[39m[0m
[  98% ] [90m[1msavepack[22m | Storing File: res://assets/materials/rain_city/harbour_steel.tres.remap[39m[0m
[  98% ] [90m[1msavepack[22m | Storing File: res://assets/materials/rain_city/mountain_silhouette.tres.remap[39m[0m
[  98% ] [90m[1msavepack[22m | Storing File: res://assets/materials/rain_city/painted_municipal_metal.tres.remap[39m[0m
[  98% ] [90m[1msavepack[22m | Storing File: res://assets/materials/rain_city/rain_brick.tres.remap[39m[0m
[  98% ] [90m[1msavepack[22m | Storing File: res://assets/materials/rain_city/route_decals.tres.remap[39m[0m
[  98% ] [90m[1msavepack[22m | Storing File: res://assets/materials/rain_city/seawall_concrete.tres.remap[39m[0m
[  98% ] [90m[1msavepack[22m | Storing File: res://assets/materials/rain_city/skyline_silhouette.tres.remap[39m[0m
[  98% ] [90m[1msavepack[22m | Storing File: res://assets/materials/rain_city/slice_tile.tres.remap[39m[0m
[  98% ] [90m[1msavepack[22m | Storing File: res://assets/materials/rain_city/terminal_floor.tres.remap[39m[0m
[  98% ] [90m[1msavepack[22m | Storing File: res://assets/materials/rain_city/wet_asphalt.tres.remap[39m[0m
[  98% ] [90m[1msavepack[22m | Storing File: res://assets/materials/rain_city/wet_wood.tres.remap[39m[0m
[  98% ] [90m[1msavepack[22m | Storing File: res://assets/materials/ventura/boat_hull.tres.remap[39m[0m
[  98% ] [90m[1msavepack[22m | Storing File: res://assets/materials/ventura/coastal_warm.tres.remap[39m[0m
[  98% ] [90m[1msavepack[22m | Storing File: res://assets/materials/ventura/dry_sand.tres.remap[39m[0m
[  98% ] [90m[1msavepack[22m | Storing File: res://assets/materials/ventura/harbor_mast.tres.remap[39m[0m
[  98% ] [90m[1msavepack[22m | Storing File: res://assets/materials/ventura/ocean_foam.tres.remap[39m[0m
[  98% ] [90m[1msavepack[22m | Storing File: res://assets/materials/ventura/ocean_horizon.tres.remap[39m[0m
[  98% ] [90m[1msavepack[22m | Storing File: res://assets/materials/ventura/palm_leaf.tres.remap[39m[0m
[  98% ] [90m[1msavepack[22m | Storing File: res://assets/materials/ventura/salt_steel.tres.remap[39m[0m
[  98% ] [90m[1msavepack[22m | Storing File: res://assets/materials/ventura/sun_bleached_asphalt.tres.remap[39m[0m
[  98% ] [90m[1msavepack[22m | Storing File: res://assets/materials/ventura/timber_pier.tres.remap[39m[0m
[  98% ] [90m[1msavepack[22m | Storing File: res://assets/materials/ventura/warm_concrete.tres.remap[39m[0m
[  98% ] [90m[1msavepack[22m | Storing File: res://assets/materials/ventura/weathered_metal.tres.remap[39m[0m
[  98% ] [90m[1msavepack[22m | Storing File: res://assets/materials/ventura/wet_sand.tres.remap[39m[0m
[  98% ] [90m[1msavepack[22m | Storing File: res://scripts/ui/options_menu.gd.remap[39m[0m
[  98% ] [90m[1msavepack[22m | Storing File: res://scripts/ui/level_select.gd.remap[39m[0m
[  98% ] [90m[1msavepack[22m | Storing File: res://scripts/ui/menu_controller.gd.remap[39m[0m
[  98% ] [90m[1msavepack[22m | Storing File: res://scripts/ui/level_card_data.gd.remap[39m[0m
[  98% ] [90m[1msavepack[22m | Storing File: res://scripts/ui/mission_warmup_profile.gd.remap[39m[0m
[  98% ] [90m[1msavepack[22m | Storing File: res://scripts/ui/mobile_controls.gd.remap[39m[0m
[  98% ] [90m[1msavepack[22m | Storing File: res://scripts/ui/crosshair.gd.remap[39m[0m
[  98% ] [90m[1msavepack[22m | Storing File: res://scripts/ui/doghouse_hub.gd.remap[39m[0m
[  98% ] [90m[1msavepack[22m | Storing File: res://scripts/ui/damage_direction_indicator.gd.remap[39m[0m
[  98% ] [90m[1msavepack[22m | Storing File: res://scripts/ui/death_screen.gd.remap[39m[0m
[  98% ] [90m[1msavepack[22m | Storing File: res://scripts/ui/hud.gd.remap[39m[0m
[  98% ] [90m[1msavepack[22m | Storing File: res://resources/audio/mission_audio_library.tres.remap[39m[0m
[  98% ] [90m[1msavepack[22m | Storing File: res://resources/audio/moon_mission_audio.tres.remap[39m[0m
[  98% ] [90m[1msavepack[22m | Storing File: res://resources/audio/mount_hood_mission_audio.tres.remap[39m[0m
[  98% ] [90m[1msavepack[22m | Storing File: res://resources/audio/production_audio_library.tres.remap[39m[0m
[  98% ] [90m[1msavepack[22m | Storing File: res://resources/audio/salmon_mission_audio.tres.remap[39m[0m
[  98% ] [90m[1msavepack[22m | Storing File: res://resources/audio/vancouver_mission_audio.tres.remap[39m[0m
[  98% ] [90m[1msavepack[22m | Storing File: res://resources/audio/ventura_mission_audio.tres.remap[39m[0m
[  98% ] [90m[1msavepack[22m | Storing File: res://resources/balance/auto_aim_classic.tres.remap[39m[0m
[  98% ] [90m[1msavepack[22m | Storing File: res://resources/biomes/moon_profile.tres.remap[39m[0m
[  98% ] [90m[1msavepack[22m | Storing File: res://resources/biomes/ventura_profile.tres.remap[39m[0m
[  98% ] [90m[1msavepack[22m | Storing File: res://resources/campaign/episode_one.tres.remap[39m[0m
[  98% ] [90m[1msavepack[22m | Storing File: res://resources/campaign/episode_one_progression.tres.remap[39m[0m
[  98% ] [90m[1msavepack[22m | Storing File: res://resources/content/moon_manifest.tres.remap[39m[0m
[  98% ] [90m[1msavepack[22m | Storing File: res://resources/content/mount_hood_manifest.tres.remap[39m[0m
[  98% ] [90m[1msavepack[22m | Storing File: res://resources/content/salmon_creek_manifest.tres.remap[39m[0m
[  98% ] [90m[1msavepack[22m | Storing File: res://resources/content/vancouver_waterfront_manifest.tres.remap[39m[0m
[  98% ] [90m[1msavepack[22m | Storing File: res://resources/content/ventura_manifest.tres.remap[39m[0m
[  98% ] [90m[1msavepack[22m | Storing File: res://resources/difficulty/classic.tres.remap[39m[0m
[  98% ] [90m[1msavepack[22m | Storing File: res://resources/difficulty/mayhem.tres.remap[39m[0m
[  98% ] [90m[1msavepack[22m | Storing File: res://resources/difficulty/story.tres.remap[39m[0m
[  98% ] [90m[1msavepack[22m | Storing File: res://resources/encounters/choreography/vancouver_downtown_alley_profile.tres.remap[39m[0m
[  98% ] [90m[1msavepack[22m | Storing File: res://resources/encounters/choreography/vancouver_harbour_pier_profile.tres.remap[39m[0m
[  98% ] [90m[1msavepack[22m | Storing File: res://resources/encounters/choreography/vancouver_ruse_block_profile.tres.remap[39m[0m
[  98% ] [90m[1msavepack[22m | Storing File: res://resources/encounters/choreography/vancouver_terminal_service_profile.tres.remap[39m[0m
[  98% ] [90m[1msavepack[22m | Storing File: res://resources/encounters/choreography/vancouver_waterfront_seawall_profile.tres.remap[39m[0m
[  98% ] [90m[1msavepack[22m | Storing File: res://resources/encounters/moon_crater_trench.tres.remap[39m[0m
[  98% ] [90m[1msavepack[22m | Storing File: res://resources/encounters/moon_habitat_lab.tres.remap[39m[0m
[  98% ] [90m[1msavepack[22m | Storing File: res://resources/encounters/moon_landing_pad.tres.remap[39m[0m
[  98% ] [90m[1msavepack[22m | Storing File: res://resources/encounters/moon_leashmaster_crater.tres.remap[39m[0m
[  98% ] [90m[1msavepack[22m | Storing File: res://resources/encounters/moon_satellite_array.tres.remap[39m[0m
[  98% ] [90m[1msavepack[22m | Storing File: res://resources/encounters/mount_hood_forest_pullout.tres.remap[39m[0m
[  98% ] [90m[1msavepack[22m | Storing File: res://resources/encounters/mount_hood_mountain_road.tres.remap[39m[0m
[  98% ] [90m[1msavepack[22m | Storing File: res://resources/encounters/mount_hood_service_tunnels.tres.remap[39m[0m
[  98% ] [90m[1msavepack[22m | Storing File: res://resources/encounters/mount_hood_snowbound_lodge.tres.remap[39m[0m
[  98% ] [90m[1msavepack[22m | Storing File: res://resources/encounters/mount_hood_summit.tres.remap[39m[0m
[  98% ] [90m[1msavepack[22m | Storing File: res://resources/encounters/salmon_equipment_shed.tres.remap[39m[0m
[  98% ] [90m[1msavepack[22m | Storing File: res://resources/encounters/salmon_forbidden_field.tres.remap[39m[0m
[  98% ] [90m[1msavepack[22m | Storing File: res://resources/encounters/salmon_lab.tres.remap[39m[0m
[  98% ] [90m[1msavepack[22m | Storing File: res://resources/encounters/salmon_tunnels.tres.remap[39m[0m
[  98% ] [90m[1msavepack[22m | Storing File: res://resources/encounters/salmon_walker.tres.remap[39m[0m
[  98% ] [90m[1msavepack[22m | Storing File: res://resources/encounters/salmon_walker_pacing.tres.remap[39m[0m
[  98% ] [90m[1msavepack[22m | Storing File: res://resources/encounters/vancouver_downtown_alley.tres.remap[39m[0m
[  98% ] [90m[1msavepack[22m | Storing File: res://resources/encounters/vancouver_harbour_pier.tres.remap[39m[0m
[  98% ] [90m[1msavepack[22m | Storing File: res://resources/encounters/vancouver_ruse_block.tres.remap[39m[0m
[  98% ] [90m[1msavepack[22m | Storing File: res://resources/encounters/vancouver_terminal_service.tres.remap[39m[0m
[  98% ] [90m[1msavepack[22m | Storing File: res://resources/encounters/vancouver_waterfront_seawall.tres.remap[39m[0m
[  98% ] [90m[1msavepack[22m | Storing File: res://resources/encounters/ventura_downtown_service_lane.tres.remap[39m[0m
[  98% ] [90m[1msavepack[22m | Storing File: res://resources/encounters/ventura_marina_service_docks.tres.remap[39m[0m
[  98% ] [90m[1msavepack[22m | Storing File: res://resources/encounters/ventura_offshore_platform.tres.remap[39m[0m
[  98% ] [90m[1msavepack[22m | Storing File: res://resources/encounters/ventura_surfers_point.tres.remap[39m[0m
[  98% ] [90m[1msavepack[22m | Storing File: res://resources/encounters/ventura_ventura_pier.tres.remap[39m[0m
[  98% ] [90m[1msavepack[22m | Storing File: res://resources/enemies/animal_control_walker.tres.remap[39m[0m
[  98% ] [90m[1msavepack[22m | Storing File: res://resources/enemies/animal_control_walker_presentation.tres.remap[39m[0m
[  98% ] [90m[1msavepack[22m | Storing File: res://resources/enemies/avalanche_recon_drone.tres.remap[39m[0m
[  98% ] [90m[1msavepack[22m | Storing File: res://resources/enemies/beach_patrol_enforcer.tres.remap[39m[0m
[  98% ] [90m[1msavepack[22m | Storing File: res://resources/enemies/citation_pelican.tres.remap[39m[0m
[  98% ] [90m[1msavepack[22m | Storing File: res://resources/enemies/compliance_gull.tres.remap[39m[0m
[  98% ] [90m[1msavepack[22m | Storing File: res://resources/enemies/compliance_hound.tres.remap[39m[0m
[  98% ] [90m[1msavepack[22m | Storing File: res://resources/enemies/compliance_hound_presentation.tres.remap[39m[0m
[  98% ] [90m[1msavepack[22m | Storing File: res://resources/enemies/leash_enforcement_drone.tres.remap[39m[0m
[  98% ] [90m[1msavepack[22m | Storing File: res://resources/enemies/lunar_kennel_sentinel.tres.remap[39m[0m
[  98% ] [90m[1msavepack[22m | Storing File: res://resources/enemies/lunar_leashmaster.tres.remap[39m[0m
[  98% ] [90m[1msavepack[22m | Storing File: res://resources/enemies/municipal_snowcat.tres.remap[39m[0m
[  98% ] [90m[1msavepack[22m | Storing File: res://resources/enemies/mutant_groundskeeper.tres.remap[39m[0m
[  98% ] [90m[1msavepack[22m | Storing File: res://resources/enemies/reaction_boss.tres.remap[39m[0m
[  98% ] [90m[1msavepack[22m | Storing File: res://resources/enemies/reaction_heavy.tres.remap[39m[0m
[  98% ] [90m[1msavepack[22m | Storing File: res://resources/enemies/reaction_light.tres.remap[39m[0m
[  98% ] [90m[1msavepack[22m | Storing File: res://resources/enemies/ski_patrol_ranger.tres.remap[39m[0m
[  98% ] [90m[1msavepack[22m | Storing File: res://resources/enemies/snowcat_combat_profile.tres.remap[39m[0m
[  98% ] [90m[1msavepack[22m | Storing File: res://resources/enemies/squirrel_trooper.tres.remap[39m[0m
[  98% ] [90m[1msavepack[22m | Storing File: res://resources/enemies/umbrella_shield_enforcer.tres.remap[39m[0m
[  98% ] [90m[1msavepack[22m | Storing File: res://resources/enemies/umbrella_shield_enforcer_presentation.tres.remap[39m[0m
[  98% ] [90m[1msavepack[22m | Storing File: res://resources/enemies/vacuum_compliance_orb.tres.remap[39m[0m
[  98% ] [90m[1msavepack[22m | Storing File: res://resources/enemies/ventura_tidebreaker.tres.remap[39m[0m
[  98% ] [90m[1msavepack[22m | Storing File: res://resources/enemies/walker_combat_profile.tres.remap[39m[0m
[  98% ] [90m[1msavepack[22m | Storing File: res://resources/input_profiles/classic_1996.tres.remap[39m[0m
[  98% ] [90m[1msavepack[22m | Storing File: res://resources/input_profiles/generic_gamepad.tres.remap[39m[0m
[  98% ] [90m[1msavepack[22m | Storing File: res://resources/input_profiles/hybrid.tres.remap[39m[0m
[  98% ] [90m[1msavepack[22m | Storing File: res://resources/input_profiles/keyboard_mouse.tres.remap[39m[0m
[  98% ] [90m[1msavepack[22m | Storing File: res://resources/interactions/salmon_creek_interactions.tres.remap[39m[0m
[  98% ] [90m[1msavepack[22m | Storing File: res://resources/interactions/vancouver_waterfront_interactions.tres.remap[39m[0m
[  98% ] [90m[1msavepack[22m | Storing File: res://resources/level/dark_side_fetch.tres.remap[39m[0m
[  98% ] [90m[1msavepack[22m | Storing File: res://resources/level/episode_1_level_1.tres.remap[39m[0m
[  98% ] [90m[1msavepack[22m | Storing File: res://resources/level/episode_1_vancouver_waterfront.tres.remap[39m[0m
[  98% ] [90m[1msavepack[22m | Storing File: res://resources/level/moon_card.tres.remap[39m[0m
[  98% ] [90m[1msavepack[22m | Storing File: res://resources/level/moon_warmup.tres.remap[39m[0m
[  98% ] [90m[1msavepack[22m | Storing File: res://resources/level/mountain_card.tres.remap[39m[0m
[  98% ] [90m[1msavepack[22m | Storing File: res://resources/level/mount_hood_warmup.tres.remap[39m[0m
[  98% ] [90m[1msavepack[22m | Storing File: res://resources/level/mount_hood_whiteout.tres.remap[39m[0m
[  98% ] [90m[1msavepack[22m | Storing File: res://resources/level/rain_city_card.tres.remap[39m[0m
[  98% ] [90m[1msavepack[22m | Storing File: res://resources/level/rain_city_warmup.tres.remap[39m[0m
[  98% ] [90m[1msavepack[22m | Storing File: res://resources/level/salmon_creek_card.tres.remap[39m[0m
[  98% ] [90m[1msavepack[22m | Storing File: res://resources/level/salmon_creek_warmup.tres.remap[39m[0m
[  98% ] [90m[1msavepack[22m | Storing File: res://resources/level/ventura_card.tres.remap[39m[0m
[  98% ] [90m[1msavepack[22m | Storing File: res://resources/level/ventura_pier_pressure.tres.remap[39m[0m
[  98% ] [90m[1msavepack[22m | Storing File: res://resources/level/ventura_warmup.tres.remap[39m[0m
[  98% ] [90m[1msavepack[22m | Storing File: res://resources/loadouts/moon_loadout.tres.remap[39m[0m
[  98% ] [90m[1msavepack[22m | Storing File: res://resources/loadouts/mount_hood_loadout.tres.remap[39m[0m
[  98% ] [90m[1msavepack[22m | Storing File: res://resources/loadouts/salmon_creek_loadout.tres.remap[39m[0m
[  98% ] [90m[1msavepack[22m | Storing File: res://resources/loadouts/vancouver_waterfront_loadout.tres.remap[39m[0m
[  98% ] [90m[1msavepack[22m | Storing File: res://resources/loadouts/ventura_loadout.tres.remap[39m[0m
[  98% ] [90m[1msavepack[22m | Storing File: res://resources/objectives/moon_complete_mission.tres.remap[39m[0m
[  98% ] [90m[1msavepack[22m | Storing File: res://resources/objectives/moon_defeat_leashmaster.tres.remap[39m[0m
[  98% ] [90m[1msavepack[22m | Storing File: res://resources/objectives/moon_reach_landing_pad.tres.remap[39m[0m
[  98% ] [90m[1msavepack[22m | Storing File: res://resources/objectives/moon_restore_airlock.tres.remap[39m[0m
[  98% ] [90m[1msavepack[22m | Storing File: res://resources/objectives/moon_silence_satellite_array.tres.remap[39m[0m
[  98% ] [90m[1msavepack[22m | Storing File: res://resources/objectives/moon_stabilize_crater_relay.tres.remap[39m[0m
[  98% ] [90m[1msavepack[22m | Storing File: res://resources/objectives/mount_hood_complete_mount_hood.tres.remap[39m[0m
[  98% ] [90m[1msavepack[22m | Storing File: res://resources/objectives/mount_hood_defeat_snowcat.tres.remap[39m[0m
[  98% ] [90m[1msavepack[22m | Storing File: res://resources/objectives/mount_hood_disable_summit_relay.tres.remap[39m[0m
[  98% ] [90m[1msavepack[22m | Storing File: res://resources/objectives/mount_hood_reach_lodge.tres.remap[39m[0m
[  98% ] [90m[1msavepack[22m | Storing File: res://resources/objectives/mount_hood_restart_chairlift.tres.remap[39m[0m
[  98% ] [90m[1msavepack[22m | Storing File: res://resources/objectives/mount_hood_restore_lodge_power.tres.remap[39m[0m
[  98% ] [90m[1msavepack[22m | Storing File: res://resources/objectives/salmon_defeat_walker.tres.remap[39m[0m
[  98% ] [90m[1msavepack[22m | Storing File: res://resources/objectives/salmon_fetch_ball.tres.remap[39m[0m
[  98% ] [90m[1msavepack[22m | Storing File: res://resources/objectives/salmon_reach_lab.tres.remap[39m[0m
[  98% ] [90m[1msavepack[22m | Storing File: res://resources/objectives/salmon_release_walker.tres.remap[39m[0m
[  98% ] [90m[1msavepack[22m | Storing File: res://resources/objectives/vancouver_harbour_pier.tres.remap[39m[0m
[  98% ] [90m[1msavepack[22m | Storing File: res://resources/objectives/vancouver_reach_waterfront.tres.remap[39m[0m
[  98% ] [90m[1msavepack[22m | Storing File: res://resources/objectives/vancouver_restore_terminal.tres.remap[39m[0m
[  98% ] [90m[1msavepack[22m | Storing File: res://resources/objectives/vancouver_stop_convoy.tres.remap[39m[0m
[  98% ] [90m[1msavepack[22m | Storing File: res://resources/objectives/ventura_complete_ventura_pier_pressure.tres.remap[39m[0m
[  98% ] [90m[1msavepack[22m | Storing File: res://resources/objectives/ventura_defeat_ventura_tidebreaker.tres.remap[39m[0m
[  98% ] [90m[1msavepack[22m | Storing File: res://resources/objectives/ventura_marina_grid_controls.tres.remap[39m[0m
[  98% ] [90m[1msavepack[22m | Storing File: res://resources/objectives/ventura_reach_service_lane.tres.remap[39m[0m
[  98% ] [90m[1msavepack[22m | Storing File: res://resources/objectives/ventura_reach_surfers_point.tres.remap[39m[0m
[  98% ] [90m[1msavepack[22m | Storing File: res://resources/objectives/ventura_service_permit_booth.tres.remap[39m[0m
[  98% ] [90m[1msavepack[22m | Storing File: res://resources/pickups/access_collar.tres.remap[39m[0m
[  98% ] [90m[1msavepack[22m | Storing File: res://resources/pickups/barkshot_weapon.tres.remap[39m[0m
[  98% ] [90m[1msavepack[22m | Storing File: res://resources/pickups/fetch_launcher_weapon.tres.remap[39m[0m
[  98% ] [90m[1msavepack[22m | Storing File: res://resources/pickups/golden_tag.tres.remap[39m[0m
[  98% ] [90m[1msavepack[22m | Storing File: res://resources/pickups/leather_padding.tres.remap[39m[0m
[  98% ] [90m[1msavepack[22m | Storing File: res://resources/pickups/premium_treat.tres.remap[39m[0m
[  98% ] [90m[1msavepack[22m | Storing File: res://resources/pickups/shells.tres.remap[39m[0m
[  98% ] [90m[1msavepack[22m | Storing File: res://resources/pickups/squeaker.tres.remap[39m[0m
[  98% ] [90m[1msavepack[22m | Storing File: res://resources/pickups/tennis_balls.tres.remap[39m[0m
[  98% ] [90m[1msavepack[22m | Storing File: res://resources/pickups/treat.tres.remap[39m[0m
[  98% ] [90m[1msavepack[22m | Storing File: res://resources/pickups/water_bowl.tres.remap[39m[0m
[  98% ] [90m[1msavepack[22m | Storing File: res://resources/pickups/zoomies.tres.remap[39m[0m
[  98% ] [90m[1msavepack[22m | Storing File: res://resources/player/classic_feel.tres.remap[39m[0m
[  98% ] [90m[1msavepack[22m | Storing File: res://resources/player/lunar_movement.tres.remap[39m[0m
[  98% ] [90m[1msavepack[22m | Storing File: res://resources/player/surface_ice_slush.tres.remap[39m[0m
[  98% ] [90m[1msavepack[22m | Storing File: res://resources/player/surface_packed_snow.tres.remap[39m[0m
[  98% ] [90m[1msavepack[22m | Storing File: res://resources/player/surface_powder.tres.remap[39m[0m
[  98% ] [90m[1msavepack[22m | Storing File: res://resources/player/touch_aim_balanced.tres.remap[39m[0m
[  98% ] [90m[1msavepack[22m | Storing File: res://resources/player/touch_aim_fast.tres.remap[39m[0m
[  98% ] [90m[1msavepack[22m | Storing File: res://resources/player/touch_aim_precision.tres.remap[39m[0m
[  98% ] [90m[1msavepack[22m | Storing File: res://resources/presentation/moon_crater_trench.tres.remap[39m[0m
[  98% ] [90m[1msavepack[22m | Storing File: res://resources/presentation/moon_habitat_lab.tres.remap[39m[0m
[  98% ] [90m[1msavepack[22m | Storing File: res://resources/presentation/moon_landing_pad.tres.remap[39m[0m
[  98% ] [90m[1msavepack[22m | Storing File: res://resources/presentation/moon_leashmaster_crater.tres.remap[39m[0m
[  98% ] [90m[1msavepack[22m | Storing File: res://resources/presentation/moon_satellite_array.tres.remap[39m[0m
[  98% ] [90m[1msavepack[22m | Storing File: res://resources/presentation/mount_hood_forest_pullout.tres.remap[39m[0m
[  98% ] [90m[1msavepack[22m | Storing File: res://resources/presentation/mount_hood_mountain_road.tres.remap[39m[0m
[  98% ] [90m[1msavepack[22m | Storing File: res://resources/presentation/mount_hood_service_tunnels.tres.remap[39m[0m
[  98% ] [90m[1msavepack[22m | Storing File: res://resources/presentation/mount_hood_snowbound_lodge.tres.remap[39m[0m
[  98% ] [90m[1msavepack[22m | Storing File: res://resources/presentation/mount_hood_summit.tres.remap[39m[0m
[  98% ] [90m[1msavepack[22m | Storing File: res://resources/presentation/vancouver_downtown_presentation.tres.remap[39m[0m
[  98% ] [90m[1msavepack[22m | Storing File: res://resources/presentation/vancouver_harbour_presentation.tres.remap[39m[0m
[  98% ] [90m[1msavepack[22m | Storing File: res://resources/presentation/vancouver_rain_city_slice_presentation.tres.remap[39m[0m
[  98% ] [90m[1msavepack[22m | Storing File: res://resources/presentation/vancouver_terminal_presentation.tres.remap[39m[0m
[  98% ] [90m[1msavepack[22m | Storing File: res://resources/presentation/vancouver_waterfront_presentation.tres.remap[39m[0m
[  98% ] [90m[1msavepack[22m | Storing File: res://resources/presentation/ventura_downtown_service_lane.tres.remap[39m[0m
[  98% ] [90m[1msavepack[22m | Storing File: res://resources/presentation/ventura_marina_service_docks.tres.remap[39m[0m
[  98% ] [90m[1msavepack[22m | Storing File: res://resources/presentation/ventura_offshore_platform.tres.remap[39m[0m
[  98% ] [90m[1msavepack[22m | Storing File: res://resources/presentation/ventura_surfers_point.tres.remap[39m[0m
[  98% ] [90m[1msavepack[22m | Storing File: res://resources/presentation/ventura_ventura_pier.tres.remap[39m[0m
[  98% ] [90m[1msavepack[22m | Storing File: res://resources/progression/rain_city_mini_balls.tres.remap[39m[0m
[  98% ] [90m[1msavepack[22m | Storing File: res://resources/progression/salmon_creek_mini_balls.tres.remap[39m[0m
[  98% ] [90m[1msavepack[22m | Storing File: res://resources/quality/native_enhanced.tres.remap[39m[0m
[  98% ] [90m[1msavepack[22m | Storing File: res://resources/quality/web_ipad.tres.remap[39m[0m
[  98% ] [90m[1msavepack[22m | Storing File: res://resources/routes/moon_route_definition.tres.remap[39m[0m
[  98% ] [90m[1msavepack[22m | Storing File: res://resources/routes/mount_hood_route_definition.tres.remap[39m[0m
[  98% ] [90m[1msavepack[22m | Storing File: res://resources/routes/vancouver_route_definition.tres.remap[39m[0m
[  98% ] [90m[1msavepack[22m | Storing File: res://resources/routes/ventura_route_definition.tres.remap[39m[0m
[  98% ] [90m[1msavepack[22m | Storing File: res://resources/set_pieces/vancouver_convoy_phases/appeal_denied.tres.remap[39m[0m
[  98% ] [90m[1msavepack[22m | Storing File: res://resources/set_pieces/vancouver_convoy_phases/appeal_filed.tres.remap[39m[0m
[  98% ] [90m[1msavepack[22m | Storing File: res://resources/set_pieces/vancouver_convoy_phases/case_closed.tres.remap[39m[0m
[  98% ] [90m[1msavepack[22m | Storing File: res://resources/set_pieces/vancouver_convoy_phases/final_notice.tres.remap[39m[0m
[  98% ] [90m[1msavepack[22m | Storing File: res://resources/set_pieces/towmaster_combat_profile.tres.remap[39m[0m
[  98% ] [90m[1msavepack[22m | Storing File: res://resources/set_pieces/vancouver_citation_convoy.tres.remap[39m[0m
[  98% ] [90m[1msavepack[22m | Storing File: res://resources/ui/retro_theme.tres.remap[39m[0m
[  98% ] [90m[1msavepack[22m | Storing File: res://resources/weapons/barkshot.tres.remap[39m[0m
[  98% ] [90m[1msavepack[22m | Storing File: res://resources/weapons/barkshot_feel.tres.remap[39m[0m
[  98% ] [90m[1msavepack[22m | Storing File: res://resources/weapons/fetch_launcher.tres.remap[39m[0m
[  98% ] [90m[1msavepack[22m | Storing File: res://resources/weapons/fetch_launcher_feel.tres.remap[39m[0m
[  98% ] [90m[1msavepack[22m | Storing File: res://resources/weapons/pawstol.tres.remap[39m[0m
[  98% ] [90m[1msavepack[22m | Storing File: res://resources/weapons/pawstol_feel.tres.remap[39m[0m
[  98% ] [90m[1msavepack[22m | Storing File: res://scenes/boot/boot.tscn.remap[39m[0m
[  98% ] [90m[1msavepack[22m | Storing File: res://scenes/debug/input_diagnostics.gd.remap[39m[0m
[  98% ] [90m[1msavepack[22m | Storing File: res://scenes/debug/input_diagnostics.tscn.remap[39m[0m
[  98% ] [90m[1msavepack[22m | Storing File: res://scripts/ui/victory_screen.gd.remap[39m[0m
[  98% ] [90m[1msavepack[22m | Storing File: res://scripts/ui/retro_overlay.gd.remap[39m[0m
[  98% ] [90m[1msavepack[22m | Storing File: res://default_bus_layout.tres.remap[39m[0m
[  98% ] [90m[1msavepack[22m | Storing File: res://scripts/ui/title_screen.gd.remap[39m[0m
[  98% ] [90m[1msavepack[22m | Storing File: res://scenes/debug/wcb008l_rain_city_run.tscn.remap[39m[0m
[  98% ] [90m[1msavepack[22m | Storing File: res://scenes/enemies/animal_control_walker.tscn.remap[39m[0m
[  98% ] [90m[1msavepack[22m | Storing File: res://scenes/enemies/avalanche_recon_drone.tscn.remap[39m[0m
[  98% ] [90m[1msavepack[22m | Storing File: res://scenes/enemies/beach_patrol_enforcer.tscn.remap[39m[0m
[  98% ] [90m[1msavepack[22m | Storing File: res://scenes/enemies/citation_pelican.tscn.remap[39m[0m
[  98% ] [90m[1msavepack[22m | Storing File: res://scenes/enemies/compliance_gull.tscn.remap[39m[0m
[  98% ] [90m[1msavepack[22m | Storing File: res://scenes/enemies/compliance_hound.tscn.remap[39m[0m
[  98% ] [90m[1msavepack[22m | Storing File: res://scenes/enemies/enemy_bolt.tscn.remap[39m[0m
[  98% ] [90m[1msavepack[22m | Storing File: res://scenes/enemies/explosive_acorn.tscn.remap[39m[0m
[  98% ] [90m[1msavepack[22m | Storing File: res://scenes/enemies/leash_enforcement_drone.tscn.remap[39m[0m
[  98% ] [90m[1msavepack[22m | Storing File: res://scenes/enemies/lunar_kennel_sentinel.tscn.remap[39m[0m
[  98% ] [90m[1msavepack[22m | Storing File: res://scenes/enemies/lunar_leashmaster.tscn.remap[39m[0m
[  98% ] [90m[1msavepack[22m | Storing File: res://scenes/enemies/municipal_snowcat.tscn.remap[39m[0m
[  98% ] [90m[1msavepack[22m | Storing File: res://scenes/enemies/mutant_groundskeeper.tscn.remap[39m[0m
[  98% ] [90m[1msavepack[22m | Storing File: res://scenes/enemies/ski_patrol_ranger.tscn.remap[39m[0m
[  98% ] [90m[1msavepack[22m | Storing File: res://scenes/enemies/squirrel_trooper.tscn.remap[39m[0m
[  98% ] [90m[1msavepack[22m | Storing File: res://scenes/enemies/umbrella_shield_enforcer.tscn.remap[39m[0m
[  98% ] [90m[1msavepack[22m | Storing File: res://scenes/enemies/vacuum_compliance_orb.tscn.remap[39m[0m
[  98% ] [90m[1msavepack[22m | Storing File: res://scenes/enemies/ventura_tidebreaker.tscn.remap[39m[0m
[  98% ] [90m[1msavepack[22m | Storing File: res://scenes/interactables/ball_return_secret.tscn.remap[39m[0m
[  98% ] [90m[1msavepack[22m | Storing File: res://scenes/interactables/breakable_secret_wall.tscn.remap[39m[0m
[  98% ] [90m[1msavepack[22m | Storing File: res://scenes/interactables/golden_ball_finale.tscn.remap[39m[0m
[  98% ] [90m[1msavepack[22m | Storing File: res://scenes/interactables/level_checkpoint.tscn.remap[39m[0m
[  98% ] [90m[1msavepack[22m | Storing File: res://scenes/interactables/level_door.tscn.remap[39m[0m
[  98% ] [90m[1msavepack[22m | Storing File: res://scenes/interactables/level_switch.tscn.remap[39m[0m
[  98% ] [90m[1msavepack[22m | Storing File: res://scenes/interactables/narrative_sign.tscn.remap[39m[0m
[  98% ] [90m[1msavepack[22m | Storing File: res://scenes/interactables/world_interaction.tscn.remap[39m[0m
[  98% ] [90m[1msavepack[22m | Storing File: res://scenes/interactables/zone_trigger.tscn.remap[39m[0m
[  98% ] [90m[1msavepack[22m | Storing File: res://scenes/levels/vancouver/rain_city_gameplay_layout.tscn.remap[39m[0m
[  98% ] [90m[1msavepack[22m | Storing File: res://scenes/levels/vancouver/rain_city_presentation.tscn.remap[39m[0m
[  98% ] [90m[1msavepack[22m | Storing File: res://scenes/levels/dark_side_fetch.tscn.remap[39m[0m
[  98% ] [90m[1msavepack[22m | Storing File: res://scenes/levels/episode_1_level_1.tscn.remap[39m[0m
[  98% ] [90m[1msavepack[22m | Storing File: res://scenes/levels/episode_1_vancouver_waterfront.tscn.remap[39m[0m
[  98% ] [90m[1msavepack[22m | Storing File: res://scenes/levels/mount_hood_whiteout.tscn.remap[39m[0m
[  98% ] [90m[1msavepack[22m | Storing File: res://scenes/levels/vancouver_waterfront_graybox.tscn.remap[39m[0m
[  98% ] [90m[1msavepack[22m | Storing File: res://scenes/levels/ventura_pier_pressure.tscn.remap[39m[0m
[  98% ] [90m[1msavepack[22m | Storing File: res://scenes/menus/credits.tscn.remap[39m[0m
[  98% ] [90m[1msavepack[22m | Storing File: res://scenes/menus/doghouse_hub.tscn.remap[39m[0m
[  98% ] [90m[1msavepack[22m | Storing File: res://scenes/menus/level_select.tscn.remap[39m[0m
[  98% ] [90m[1msavepack[22m | Storing File: res://scenes/menus/main_menu.tscn.remap[39m[0m
[  98% ] [90m[1msavepack[22m | Storing File: res://scenes/menus/options_menu.tscn.remap[39m[0m
[  98% ] [90m[1msavepack[22m | Storing File: res://scenes/menus/title_screen.tscn.remap[39m[0m
[  98% ] [90m[1msavepack[22m | Storing File: res://scenes/pickups/access_collar.tscn.remap[39m[0m
[  98% ] [90m[1msavepack[22m | Storing File: res://scenes/pickups/barkshot_weapon.tscn.remap[39m[0m
[  98% ] [90m[1msavepack[22m | Storing File: res://scenes/pickups/fetch_launcher_weapon.tscn.remap[39m[0m
[  98% ] [90m[1msavepack[22m | Storing File: res://scenes/pickups/golden_tag.tscn.remap[39m[0m
[  98% ] [90m[1msavepack[22m | Storing File: res://scenes/pickups/leather_padding.tscn.remap[39m[0m
[  98% ] [90m[1msavepack[22m | Storing File: res://scenes/pickups/pickup_base.tscn.remap[39m[0m
[  98% ] [90m[1msavepack[22m | Storing File: res://scenes/pickups/premium_treat.tscn.remap[39m[0m
[  98% ] [90m[1msavepack[22m | Storing File: res://scenes/pickups/shells.tscn.remap[39m[0m
[  98% ] [90m[1msavepack[22m | Storing File: res://scenes/pickups/squeaker.tscn.remap[39m[0m
[  98% ] [90m[1msavepack[22m | Storing File: res://scenes/pickups/tennis_balls.tscn.remap[39m[0m
[  98% ] [90m[1msavepack[22m | Storing File: res://scenes/pickups/treat.tscn.remap[39m[0m
[  98% ] [90m[1msavepack[22m | Storing File: res://scenes/pickups/water_bowl.tscn.remap[39m[0m
[  98% ] [90m[1msavepack[22m | Storing File: res://scenes/pickups/zoomies.tscn.remap[39m[0m
[  98% ] [90m[1msavepack[22m | Storing File: res://scenes/player/cobie_player.tscn.remap[39m[0m
[  98% ] [90m[1msavepack[22m | Storing File: res://scenes/set_pieces/citation_convoy.tscn.remap[39m[0m
[  98% ] [90m[1msavepack[22m | Storing File: res://scenes/ui/combat_audio_bridge.tscn.remap[39m[0m
[  98% ] [90m[1msavepack[22m | Storing File: res://scenes/ui/death_screen.tscn.remap[39m[0m
[  98% ] [90m[1msavepack[22m | Storing File: res://scenes/ui/end_rank_screen.tscn.remap[39m[0m
[  98% ] [90m[1msavepack[22m | Storing File: res://scenes/ui/hud.tscn.remap[39m[0m
[  98% ] [90m[1msavepack[22m | Storing File: res://scenes/ui/mobile_controls.tscn.remap[39m[0m
[  98% ] [90m[1msavepack[22m | Storing File: res://scenes/ui/pause_menu.tscn.remap[39m[0m
[  98% ] [90m[1msavepack[22m | Storing File: res://scenes/ui/playtest_report.tscn.remap[39m[0m
[  98% ] [90m[1msavepack[22m | Storing File: res://scenes/ui/retro_overlay.tscn.remap[39m[0m
[  98% ] [90m[1msavepack[22m | Storing File: res://scenes/ui/victory_screen.tscn.remap[39m[0m
[  98% ] [90m[1msavepack[22m | Storing File: res://scenes/ui/weapon_overlay.tscn.remap[39m[0m
[  98% ] [90m[1msavepack[22m | Storing File: res://scenes/weapons/barkshot.tscn.remap[39m[0m
[  98% ] [90m[1msavepack[22m | Storing File: res://scenes/weapons/fetch_launcher.tscn.remap[39m[0m
[  98% ] [90m[1msavepack[22m | Storing File: res://scenes/weapons/fetch_projectile.tscn.remap[39m[0m
[  98% ] [90m[1msavepack[22m | Storing File: res://scenes/weapons/pawstol.tscn.remap[39m[0m
[  98% ] [90m[1msavepack[22m | Storing File: res://scripts/ai/animal_control_walker.gd.remap[39m[0m
[  98% ] [90m[1msavepack[22m | Storing File: res://scripts/ai/compliance_gull.gd.remap[39m[0m
[  98% ] [90m[1msavepack[22m | Storing File: res://scripts/ai/compliance_hound.gd.remap[39m[0m
[  98% ] [90m[1msavepack[22m | Storing File: res://scripts/ai/directional_shield_component.gd.remap[39m[0m
[  98% ] [90m[1msavepack[22m | Storing File: res://scripts/ai/enemy_agent.gd.remap[39m[0m
[  98% ] [90m[1msavepack[22m | Storing File: res://scripts/ai/enemy_attack_query.gd.remap[39m[0m
[  98% ] [90m[1msavepack[22m | Storing File: res://scripts/ai/enemy_death_effect.gd.remap[39m[0m
[  98% ] [90m[1msavepack[22m | Storing File: res://scripts/ai/enemy_definition.gd.remap[39m[0m
[  98% ] [90m[1msavepack[22m | Storing File: res://scripts/ai/enemy_ground_recovery.gd.remap[39m[0m
[  98% ] [90m[1msavepack[22m | Storing File: res://scripts/ai/enemy_navigation_recovery.gd.remap[39m[0m
[  98% ] [90m[1msavepack[22m | Storing File: res://scripts/ai/enemy_navigator.gd.remap[39m[0m
[  98% ] [90m[1msavepack[22m | Storing File: res://scripts/ai/enemy_presentation_profile.gd.remap[39m[0m
[  98% ] [90m[1msavepack[22m | Storing File: res://scripts/ai/enemy_projectile.gd.remap[39m[0m
[  98% ] [90m[1msavepack[22m | Storing File: res://scripts/ai/enemy_sprite_presentation.gd.remap[39m[0m
[  98% ] [90m[1msavepack[22m | Storing File: res://scripts/ai/leash_enforcement_drone.gd.remap[39m[0m
[  98% ] [90m[1msavepack[22m | Storing File: res://scripts/ai/municipal_snowcat.gd.remap[39m[0m
[  98% ] [90m[1msavepack[22m | Storing File: res://scripts/ai/mutant_groundskeeper.gd.remap[39m[0m
[  98% ] [90m[1msavepack[22m | Storing File: res://scripts/ai/ski_patrol_ranger.gd.remap[39m[0m
[  98% ] [90m[1msavepack[22m | Storing File: res://scripts/ai/squirrel_trooper.gd.remap[39m[0m
[  98% ] [90m[1msavepack[22m | Storing File: res://scripts/ai/umbrella_shield_enforcer.gd.remap[39m[0m
[  98% ] [90m[1msavepack[22m | Storing File: res://scripts/ai/walker_combat_profile.gd.remap[39m[0m
[  98% ] [90m[1msavepack[22m | Storing File: res://scripts/ai/walker_defeat_effect.gd.remap[39m[0m
[  98% ] [90m[1msavepack[22m | Storing File: res://scripts/audio/audio_cue_library.gd.remap[39m[0m
[  98% ] [90m[1msavepack[22m | Storing File: res://scripts/audio/audio_cue_set.gd.remap[39m[0m
[  98% ] [90m[1msavepack[22m | Storing File: res://scripts/audio/mission_audio_director.gd.remap[39m[0m
[  98% ] [90m[1msavepack[22m | Storing File: res://scripts/audio/sample_audio_emitter.gd.remap[39m[0m
[  98% ] [90m[1msavepack[22m | Storing File: res://scripts/combat/auto_aim_tuning.gd.remap[39m[0m
[  98% ] [90m[1msavepack[22m | Storing File: res://scripts/combat/barkshot.gd.remap[39m[0m
[  98% ] [90m[1msavepack[22m | Storing File: res://scripts/combat/combat_feedback_event.gd.remap[39m[0m
[  98% ] [90m[1msavepack[22m | Storing File: res://scripts/combat/damage_reaction_profile.gd.remap[39m[0m
[  98% ] [90m[1msavepack[22m | Storing File: res://scripts/combat/fetch_launcher.gd.remap[39m[0m
[  98% ] [90m[1msavepack[22m | Storing File: res://scripts/combat/fetch_projectile.gd.remap[39m[0m
[  98% ] [90m[1msavepack[22m | Storing File: res://scripts/combat/impact_effect_pool.gd.remap[39m[0m
[  98% ] [90m[1msavepack[22m | Storing File: res://scripts/combat/pawstol.gd.remap[39m[0m
[  98% ] [90m[1msavepack[22m | Storing File: res://scripts/combat/pickup.gd.remap[39m[0m
[  98% ] [90m[1msavepack[22m | Storing File: res://scripts/combat/pickup_definition.gd.remap[39m[0m
[  98% ] [90m[1msavepack[22m | Storing File: res://scripts/combat/surface_response.gd.remap[39m[0m
[  98% ] [90m[1msavepack[22m | Storing File: res://scripts/combat/weapon_base.gd.remap[39m[0m
[  98% ] [90m[1msavepack[22m | Storing File: res://scripts/combat/weapon_definition.gd.remap[39m[0m
[  98% ] [90m[1msavepack[22m | Storing File: res://scripts/combat/weapon_feel_profile.gd.remap[39m[0m
[  98% ] [90m[1msavepack[22m | Storing File: res://scripts/core/contracts/damage_packet.gd.remap[39m[0m
[  98% ] [90m[1msavepack[22m | Storing File: res://scripts/core/contracts/interactable.gd.remap[39m[0m
[  98% ] [90m[1msavepack[22m | Storing File: res://scripts/core/audio_manager.gd.remap[39m[0m
[  98% ] [90m[1msavepack[22m | Storing File: res://scripts/core/boot.gd.remap[39m[0m
[  98% ] [90m[1msavepack[22m | Storing File: res://scripts/core/build_info.gd.remap[39m[0m
[  98% ] [90m[1msavepack[22m | Storing File: res://scripts/core/campaign_backup_codec.gd.remap[39m[0m
[  98% ] [90m[1msavepack[22m | Storing File: res://scripts/core/campaign_progress_payload.gd.remap[39m[0m
[  98% ] [90m[1msavepack[22m | Storing File: res://scripts/core/campaign_progress_runtime.gd.remap[39m[0m
[  98% ] [90m[1msavepack[22m | Storing File: res://scripts/core/checkpoint_payload.gd.remap[39m[0m
[  98% ] [90m[1msavepack[22m | Storing File: res://scripts/core/debug_log.gd.remap[39m[0m
[  98% ] [90m[1msavepack[22m | Storing File: res://scripts/core/game_state.gd.remap[39m[0m
[  98% ] [90m[1msavepack[22m | Storing File: res://scripts/core/input_manager.gd.remap[39m[0m
[  98% ] [90m[1msavepack[22m | Storing File: res://scripts/core/mission_pack_definition.gd.remap[39m[0m
[  98% ] [90m[1msavepack[22m | Storing File: res://scripts/core/mission_pack_loader.gd.remap[39m[0m
[  98% ] [90m[1msavepack[22m | Storing File: res://scripts/core/projectile_pool.gd.remap[39m[0m
[  98% ] [90m[1msavepack[22m | Storing File: res://scripts/core/quality_manager.gd.remap[39m[0m
[  98% ] [90m[1msavepack[22m | Storing File: res://scripts/core/quality_profile.gd.remap[39m[0m
[  98% ] [90m[1msavepack[22m | Storing File: res://scripts/core/runtime_pipeline_prewarmer.gd.remap[39m[0m
[  98% ] [90m[1msavepack[22m | Storing File: res://scripts/core/save_manager.gd.remap[39m[0m
[  98% ] [90m[1msavepack[22m | Storing File: res://scripts/core/scene_router.gd.remap[39m[0m
[  98% ] [90m[1msavepack[22m | Storing File: res://scripts/core/settings_manager.gd.remap[39m[0m
[  98% ] [90m[1msavepack[22m | Storing File: res://scripts/core/world_registry.gd.remap[39m[0m
[  98% ] [90m[1msavepack[22m | Storing File: res://scripts/ui/playtest_report.gd.remap[39m[0m
[  98% ] [90m[1msavepack[22m | Storing File: res://scripts/ui/pause_menu.gd.remap[39m[0m
[  98% ] [90m[1msavepack[22m | Storing File: res://scripts/debug/wcb008l_rain_city_run.gd.remap[39m[0m
[  98% ] [90m[1msavepack[22m | Storing File: res://scripts/gameplay/environment/lethal_water_volume.gd.remap[39m[0m
[  98% ] [90m[1msavepack[22m | Storing File: res://scripts/gameplay/environment/timed_hazard_definition.gd.remap[39m[0m
[  98% ] [90m[1msavepack[22m | Storing File: res://scripts/gameplay/environment/timed_hazard_runtime.gd.remap[39m[0m
[  98% ] [90m[1msavepack[22m | Storing File: res://scripts/gameplay/biome_mission_profile.gd.remap[39m[0m
[  98% ] [90m[1msavepack[22m | Storing File: res://scripts/gameplay/combat_pressure_director.gd.remap[39m[0m
[  98% ] [90m[1msavepack[22m | Storing File: res://scripts/gameplay/compliance_tag_token.gd.remap[39m[0m
[  98% ] [90m[1msavepack[22m | Storing File: res://scripts/gameplay/content_manifest.gd.remap[39m[0m
[  98% ] [90m[1msavepack[22m | Storing File: res://scripts/gameplay/cosmetic_applicator.gd.remap[39m[0m
[  98% ] [90m[1msavepack[22m | Storing File: res://scripts/gameplay/cosmetic_reward_definition.gd.remap[39m[0m
[  98% ] [90m[1msavepack[22m | Storing File: res://scripts/gameplay/difficulty_profile.gd.remap[39m[0m
[  98% ] [90m[1msavepack[22m | Storing File: res://scripts/gameplay/encounter_choreography_profile.gd.remap[39m[0m
[  98% ] [90m[1msavepack[22m | Storing File: res://scripts/gameplay/encounter_definition.gd.remap[39m[0m
[  98% ] [90m[1msavepack[22m | Storing File: res://scripts/gameplay/encounter_runner.gd.remap[39m[0m
[  98% ] [90m[1msavepack[22m | Storing File: res://scripts/gameplay/episode_definition.gd.remap[39m[0m
[  98% ] [90m[1msavepack[22m | Storing File: res://scripts/gameplay/episode_progression_catalog.gd.remap[39m[0m
[  98% ] [90m[1msavepack[22m | Storing File: res://scripts/gameplay/interaction_catalog.gd.remap[39m[0m
[  98% ] [90m[1msavepack[22m | Storing File: res://scripts/gameplay/interaction_placement.gd.remap[39m[0m
[  98% ] [90m[1msavepack[22m | Storing File: res://scripts/gameplay/mini_ball_collectible.gd.remap[39m[0m
[  98% ] [90m[1msavepack[22m | Storing File: res://scripts/gameplay/mini_ball_mission_definition.gd.remap[39m[0m
[  98% ] [90m[1msavepack[22m | Storing File: res://scripts/gameplay/mission_audio_profile.gd.remap[39m[0m
[  98% ] [90m[1msavepack[22m | Storing File: res://scripts/gameplay/mission_collectible_runtime.gd.remap[39m[0m
[  98% ] [90m[1msavepack[22m | Storing File: res://scripts/gameplay/mission_enemy_cue_router.gd.remap[39m[0m
[  98% ] [90m[1msavepack[22m | Storing File: res://scripts/gameplay/mission_interaction_runtime.gd.remap[39m[0m
[  98% ] [90m[1msavepack[22m | Storing File: res://scripts/gameplay/mission_loadout_profile.gd.remap[39m[0m
[  98% ] [90m[1msavepack[22m | Storing File: res://scripts/gameplay/mission_presentation.gd.remap[39m[0m
[  98% ] [90m[1msavepack[22m | Storing File: res://scripts/gameplay/mission_progression_profile.gd.remap[39m[0m
[  98% ] [90m[1msavepack[22m | Storing File: res://scripts/gameplay/mission_route_definition.gd.remap[39m[0m
[  98% ] [90m[1msavepack[22m | Storing File: res://scripts/gameplay/mission_route_runtime.gd.remap[39m[0m
[  98% ] [90m[1msavepack[22m | Storing File: res://scripts/gameplay/mission_route_zone.gd.remap[39m[0m
[  98% ] [90m[1msavepack[22m | Storing File: res://scripts/gameplay/mission_runtime.gd.remap[39m[0m
[  98% ] [90m[1msavepack[22m | Storing File: res://scripts/gameplay/mission_runtime_assembly.gd.remap[39m[0m
[  98% ] [90m[1msavepack[22m | Storing File: res://scripts/gameplay/mission_spawn_registry.gd.remap[39m[0m
[  98% ] [90m[1msavepack[22m | Storing File: res://scripts/gameplay/moving_set_piece_definition.gd.remap[39m[0m
[  98% ] [90m[1msavepack[22m | Storing File: res://scripts/gameplay/moving_set_piece_encounter_coordinator.gd.remap[39m[0m
[  98% ] [90m[1msavepack[22m | Storing File: res://scripts/gameplay/moving_set_piece_path.gd.remap[39m[0m
[  98% ] [90m[1msavepack[22m | Storing File: res://scripts/gameplay/moving_set_piece_phase_definition.gd.remap[39m[0m
[  98% ] [90m[1msavepack[22m | Storing File: res://scripts/gameplay/moving_set_piece_phase_state.gd.remap[39m[0m
[  98% ] [90m[1msavepack[22m | Storing File: res://scripts/gameplay/moving_set_piece_runtime.gd.remap[39m[0m
[  98% ] [90m[1msavepack[22m | Storing File: res://scripts/gameplay/objective_definition.gd.remap[39m[0m
[  98% ] [90m[1msavepack[22m | Storing File: res://scripts/gameplay/objective_tracker.gd.remap[39m[0m
[  98% ] [90m[1msavepack[22m | Storing File: res://scripts/gameplay/phased_module_actor.gd.remap[39m[0m
[  98% ] [90m[1msavepack[22m | Storing File: res://scripts/gameplay/progression_challenge_definition.gd.remap[39m[0m
[  98% ] [90m[1msavepack[22m | Storing File: res://scripts/gameplay/progression_challenge_evaluator.gd.remap[39m[0m
[  98% ] [90m[1msavepack[22m | Storing File: res://scripts/gameplay/run_result_calculator.gd.remap[39m[0m
[  98% ] [90m[1msavepack[22m | Storing File: res://scripts/gameplay/weapon_mod_applicator.gd.remap[39m[0m
[  98% ] [90m[1msavepack[22m | Storing File: res://scripts/gameplay/weapon_mod_definition.gd.remap[39m[0m
[  98% ] [90m[1msavepack[22m | Storing File: res://scripts/gameplay/world_interaction_definition.gd.remap[39m[0m
[  98% ] [90m[1msavepack[22m | Storing File: res://scripts/gameplay/zone_presentation_profile.gd.remap[39m[0m
[  98% ] [90m[1msavepack[22m | Storing File: res://scripts/input/input_axis_event_latch.gd.remap[39m[0m
[  98% ] [90m[1msavepack[22m | Storing File: res://scripts/input/input_manager_service.gd.remap[39m[0m
[  98% ] [90m[1msavepack[22m | Storing File: res://scripts/input/input_math.gd.remap[39m[0m
[  98% ] [90m[1msavepack[22m | Storing File: res://scripts/input/input_profile.gd.remap[39m[0m
[  98% ] [90m[1msavepack[22m | Storing File: res://scripts/input/player_input_adapter.gd.remap[39m[0m
[  98% ] [90m[1msavepack[22m | Storing File: res://scripts/input/pointer_capture_controller.gd.remap[39m[0m
[  98% ] [90m[1msavepack[22m | Storing File: res://scripts/level/authored_world_sign.gd.remap[39m[0m
[  98% ] [90m[1msavepack[22m | Storing File: res://scripts/level/ball_return_secret.gd.remap[39m[0m
[  98% ] [90m[1msavepack[22m | Storing File: res://scripts/level/biome_mission_controller.gd.remap[39m[0m
[  98% ] [90m[1msavepack[22m | Storing File: res://scripts/level/biome_mission_world_builder.gd.remap[39m[0m
[  98% ] [90m[1msavepack[22m | Storing File: res://scripts/level/biome_presentation_material_applier.gd.remap[39m[0m
[  98% ] [90m[1msavepack[22m | Storing File: res://scripts/level/breakable_secret_wall.gd.remap[39m[0m
[  98% ] [90m[1msavepack[22m | Storing File: res://scripts/level/citation_convoy_actor.gd.remap[39m[0m
[  98% ] [90m[1msavepack[22m | Storing File: res://scripts/level/episode_1_level_1.gd.remap[39m[0m
[  98% ] [90m[1msavepack[22m | Storing File: res://scripts/level/episode_1_vancouver_waterfront.gd.remap[39m[0m
[  98% ] [90m[1msavepack[22m | Storing File: res://scripts/level/golden_ball_finale.gd.remap[39m[0m
[  98% ] [90m[1msavepack[22m | Storing File: res://scripts/level/level_checkpoint.gd.remap[39m[0m
[  98% ] [90m[1msavepack[22m | Storing File: res://scripts/level/level_door.gd.remap[39m[0m
[  98% ] [90m[1msavepack[22m | Storing File: res://scripts/level/level_metadata.gd.remap[39m[0m
[  98% ] [90m[1msavepack[22m | Storing File: res://scripts/level/level_switch.gd.remap[39m[0m
[  98% ] [90m[1msavepack[22m | Storing File: res://scripts/level/mount_hood_chairlift.gd.remap[39m[0m
[  98% ] [90m[1msavepack[22m | Storing File: res://scripts/ui/procedural_audio.gd.remap[39m[0m
[  98% ] [90m[1msavepack[22m | Storing File: res://scripts/level/mount_hood_whiteout.gd.remap[39m[0m
[  98% ] [90m[1msavepack[22m | Storing File: res://scripts/level/mount_hood_world_builder.gd.remap[39m[0m
[  98% ] [90m[1msavepack[22m | Storing File: res://scripts/level/narrative_sign.gd.remap[39m[0m
[  98% ] [90m[1msavepack[22m | Storing File: res://scripts/level/rain_city_checkpoint_state.gd.remap[39m[0m
[  98% ] [90m[1msavepack[22m | Storing File: res://scripts/level/rain_city_completion_flow.gd.remap[39m[0m
[  98% ] [90m[1msavepack[22m | Storing File: res://scripts/level/rain_city_convoy_presentation.gd.remap[39m[0m
[  98% ] [90m[1msavepack[22m | Storing File: res://scripts/level/rain_city_material_applier.gd.remap[39m[0m
[  98% ] [90m[1msavepack[22m | Storing File: res://scripts/level/rain_city_mission_assembly.gd.remap[39m[0m
[  98% ] [90m[1msavepack[22m | Storing File: res://scripts/level/rain_city_secret_policy.gd.remap[39m[0m
[  98% ] [90m[1msavepack[22m | Storing File: res://scripts/level/rain_city_spatial_route_builder.gd.remap[39m[0m
[  98% ] [90m[1msavepack[22m | Storing File: res://scripts/level/salmon_creek_boss_runtime.gd.remap[39m[0m
[  98% ] [90m[1msavepack[22m | Storing File: res://scripts/level/salmon_creek_environment_kit.gd.remap[39m[0m
[  98% ] [90m[1msavepack[22m | Storing File: res://scripts/level/salmon_creek_pacing_profile.gd.remap[39m[0m
[  98% ] [90m[1msavepack[22m | Storing File: res://scripts/level/salmon_creek_world_builder.gd.remap[39m[0m
[  98% ] [90m[1msavepack[22m | Storing File: res://scripts/level/towmaster_attack_definition.gd.remap[39m[0m
[  98% ] [90m[1msavepack[22m | Storing File: res://scripts/level/towmaster_combat_geometry.gd.remap[39m[0m
[  98% ] [90m[1msavepack[22m | Storing File: res://scripts/level/towmaster_combat_profile.gd.remap[39m[0m
[  98% ] [90m[1msavepack[22m | Storing File: res://scripts/level/towmaster_hazard_visual.gd.remap[39m[0m
[  98% ] [90m[1msavepack[22m | Storing File: res://scripts/level/towmaster_phase_combat_definition.gd.remap[39m[0m
[  98% ] [90m[1msavepack[22m | Storing File: res://scripts/level/vancouver_waterfront_world_builder.gd.remap[39m[0m
[  98% ] [90m[1msavepack[22m | Storing File: res://scripts/level/world_interaction.gd.remap[39m[0m
[  98% ] [90m[1msavepack[22m | Storing File: res://scripts/level/zone_trigger.gd.remap[39m[0m
[  98% ] [90m[1msavepack[22m | Storing File: res://scripts/player/auto_aim_component.gd.remap[39m[0m
[  98% ] [90m[1msavepack[22m | Storing File: res://scripts/player/health_armor.gd.remap[39m[0m
[  98% ] [90m[1msavepack[22m | Storing File: res://scripts/player/mission_loadout_applicator.gd.remap[39m[0m
[  98% ] [90m[1msavepack[22m | Storing File: res://scripts/player/movement_environment_profile.gd.remap[39m[0m
[  98% ] [90m[1msavepack[22m | Storing File: res://scripts/player/player_controller.gd.remap[39m[0m
[  98% ] [90m[1msavepack[22m | Storing File: res://scripts/player/player_feel_profile.gd.remap[39m[0m
[  98% ] [90m[1msavepack[22m | Storing File: res://scripts/player/player_impact_effects.gd.remap[39m[0m
[  98% ] [90m[1msavepack[22m | Storing File: res://scripts/player/player_interaction_resolver.gd.remap[39m[0m
[  98% ] [90m[1msavepack[22m | Storing File: res://scripts/player/player_runtime_settings.gd.remap[39m[0m
[  98% ] [90m[1msavepack[22m | Storing File: res://scripts/player/surface_movement_profile.gd.remap[39m[0m
[  98% ] [90m[1msavepack[22m | Storing File: res://scripts/player/tactile_feedback.gd.remap[39m[0m
[  98% ] [90m[1msavepack[22m | Storing File: res://scripts/player/touch_aim_profile.gd.remap[39m[0m
[  98% ] [90m[1msavepack[22m | Storing File: res://scripts/player/touch_aim_runtime.gd.remap[39m[0m
[  98% ] [90m[1msavepack[22m | Storing File: res://scripts/ui/cobie_portrait.gd.remap[39m[0m
[  98% ] [90m[1msavepack[22m | Storing File: res://scripts/ui/combat_audio_bridge.gd.remap[39m[0m
[  98% ] [90m[1msavepack[22m | Storing File: res://scripts/ui/credits.gd.remap[39m[0m
[  98% ] [90m[1msavepack[22m | Storing File: res://.godot/global_script_class_cache.cfg[39m[0m
[  98% ] [90m[1msavepack[22m | Storing File: res://.godot/uid_cache.bin[39m[0m
[  98% ] [90m[1msavepack[22m | Storing File: res://project.binary[39m[0m
[92m[ DONE ][39m [1msavepack[22m
[0m
[  75% ] [90m[1mexport[22m | Making ZIP[39m[0m
[92m[ DONE ][39m [1mexport[22m
[0m
